pc_id,state,constituency_name,statistical_health_score,migration_pressure_index,abuse_of_process_score
PC001,Maharashtra,Mumbai North,-51214.4236,0.7345,0.8355
PC002,Maharashtra,Mumbai South,-55070.9785,0.4517,0.6489
PC003,Maharashtra,Mumbai North West,-32838.5693,0.6805,0.7381
PC004,Maharashtra,Mumbai North East,-7681.462,0.5834,0.5312
PC005,Maharashtra,Mumbai North Central,-58104.3064,0.5578,0.8567
PC006,Maharashtra,Mumbai South Central,-66252.0736,0.2786,0.892
PC007,Maharashtra,Pune,-30037.1115,0.5125,0.8848
PC008,Maharashtra,Nagpur,-59291.8898,0.4317,0.9542
PC009,Maharashtra,Thane,-76577.2537,0.4582,0.6959
PC010,Maharashtra,Nashik,-20459.3044,0.4122,0.684
PC011,Delhi,Chandni Chowk,-11951.8389,0.6856,0.9201
PC012,Delhi,New Delhi,-39918.3563,0.4885,0.9578
PC013,Delhi,North East Delhi,-27780.6533,0.3915,0.7505
PC014,Delhi,East Delhi,-57592.3594,0.7625,0.9635
PC015,Delhi,North West Delhi,-14276.0797,0.4638,1.0566
PC016,Delhi,West Delhi,-46653.2165,0.5359,1.0859
PC017,Delhi,South Delhi,-17644.5198,0.6432,0.7256
PC018,Karnataka,Bangalore North,-29228.0683,0.3665,1.0344
PC019,Karnataka,Bangalore Central,-9540.9507,0.4034,0.7948
PC020,Karnataka,Bangalore South,-12548.8769,0.2178,0.8925
PC021,Karnataka,Bangalore Rural,-19076.5257,0.3456,0.749
PC022,Karnataka,Mysore,-63326.3697,0.5428,1.064
PC023,Karnataka,Mangalore,-59926.0147,0.3402,0.5474
PC024,Tamil Nadu,Chennai North,-13825.1569,0.5101,0.9953
PC025,Tamil Nadu,Chennai South,-33419.4866,0.5525,0.5425
PC026,Tamil Nadu,Chennai Central,-82738.6467,0.2694,0.859
PC027,Tamil Nadu,Coimbatore,-83448.5624,0.5891,0.9144
PC028,Tamil Nadu,Madurai,-50207.3041,0.3513,0.7139
PC029,West Bengal,Kolkata North,-22982.9218,0.5569,0.8515
PC030,West Bengal,Kolkata South,-65857.1066,0.5199,0.5321
PC031,West Bengal,Howrah,-9513.7006,0.3126,0.9784
PC032,West Bengal,Darjeeling,-16527.987,0.2623,0.7938
PC033,Gujarat,Ahmedabad East,-94441.8416,0.6871,0.9046
PC034,Gujarat,Ahmedabad West,-83436.3591,0.469,0.4438
PC035,Gujarat,Surat,-59440.5557,0.3215,1.0884
PC036,Gujarat,Vadodara,-31559.2055,0.4797,0.9203
PC037,Rajasthan,Jaipur,-16559.0413,0.6121,1.0261
PC038,Rajasthan,Jaipur Rural,-73697.0183,0.4744,0.7714
PC039,Rajasthan,Jodhpur,-19853.7236,0.7083,0.8402
PC040,Rajasthan,Udaipur,-69185.0183,0.5273,0.798
PC041,Uttar Pradesh,Lucknow,-58920.9239,0.7061,0.9862
PC042,Uttar Pradesh,Kanpur,-16018.3271,0.2539,1.0009
PC043,Uttar Pradesh,Varanasi,-14390.0477,0.2872,0.7104
PC044,Uttar Pradesh,Allahabad,-12280.339,0.2276,0.8545
PC045,Uttar Pradesh,Agra,-54619.383,0.3366,0.9186
PC046,Uttar Pradesh,Meerut,-22956.567,0.2116,1.1547
PC047,Uttar Pradesh,Ghaziabad,-65766.056,0.7185,0.7874
PC048,Uttar Pradesh,Noida,-52432.9606,0.4182,1.0179
PC049,Telangana,Hyderabad,-24630.7034,0.2832,0.9248
PC050,Telangana,Secunderabad,-20422.6444,0.4943,0.4212
PC051,Kerala,Thiruvananthapuram,-83691.8655,0.6075,0.6468
PC052,Kerala,Ernakulam,-26591.0177,0.644,0.8686
PC053,Kerala,Thrissur,-39819.6095,0.3004,0.8866
PC054,Punjab,Amritsar,-66242.548,0.4196,0.964
PC055,Punjab,Ludhiana,-60821.6691,0.4622,0.4333
PC056,Haryana,Gurugram,-30073.387,0.3647,0.9213
PC057,Haryana,Faridabad,-50517.4114,0.3453,0.786
PC058,Bihar,Patna Sahib,-77977.4041,0.4523,0.3958
PC059,Bihar,Gaya,-62851.0452,0.5071,0.7308
PC060,Madhya Pradesh,Bhopal,-49001.0958,0.3766,0.8907
PC061,Madhya Pradesh,Indore,-30967.313,0.4244,0.8342
PC062,Andhra Pradesh,Visakhapatnam,-18278.617,0.7401,1.0859
PC063,Andhra Pradesh,Vijayawada,-50366.4524,0.5414,1.0199
PC064,Maharashtra,Maharashtra 1,-64755.1558,0.5399,0.4849
PC065,West Bengal,West Bengal 2,-73331.5324,0.3442,0.8793
PC066,Bihar,Bihar 3,-14341.0993,0.4437,1.103
PC067,Madhya Pradesh,Madhya Pradesh 4,-59585.8084,0.4711,0.5078
PC068,Tamil Nadu,Tamil Nadu 5,-37494.613,0.6507,0.6447
PC069,Rajasthan,Rajasthan 6,-54982.5085,0.365,0.9174
PC070,Karnataka,Karnataka 7,-53964.2054,0.3545,0.8724
PC071,Gujarat,Gujarat 8,-35911.6684,0.1826,0.5994
PC072,Andhra Pradesh,Andhra Pradesh 9,-39201.4125,0.6101,0.8735
PC073,Odisha,Odisha 10,-13820.1301,0.6823,0.6746
PC074,Telangana,Telangana 11,-64983.7311,0.6844,1.1492
PC075,Kerala,Kerala 12,-12100.4032,0.6512,0.7222
PC076,Jharkhand,Jharkhand 13,-39597.9618,0.7122,0.894
PC077,Assam,Assam 14,-18754.0427,0.5711,0.7294
PC078,Punjab,Punjab 15,-41321.5953,0.4245,0.9575
PC079,Chhattisgarh,Chhattisgarh 16,-9283.1332,0.5274,0.6498
PC080,Haryana,Haryana 17,-14295.6663,0.2431,0.8527
PC081,Uttarakhand,Uttarakhand 18,-60795.1918,0.6175,0.4175
PC082,Himachal Pradesh,Himachal Pradesh 19,-47178.4603,0.4908,0.7309
PC083,Tripura,Tripura 20,-32381.0689,0.2696,0.9262
PC084,Meghalaya,Meghalaya 21,-41507.6412,0.4963,0.9696
PC085,Manipur,Manipur 22,-14755.6578,0.7143,0.5339
PC086,Nagaland,Nagaland 23,-72367.0447,0.5064,0.8026
PC087,Goa,Goa 24,-35104.9871,0.5259,0.7205
PC088,Arunachal Pradesh,Arunachal Pradesh 25,-73918.0659,0.341,1.0965
PC089,Mizoram,Mizoram 26,-67854.458,0.5433,0.4197
PC090,Sikkim,Sikkim 27,-33359.5231,0.318,0.959
PC091,Jammu and Kashmir,Jammu and Kashmir 28,-19940.0097,0.3461,0.9506
PC092,Ladakh,Ladakh 29,-19951.2582,0.4663,1.0749
PC093,Uttar Pradesh,Uttar Pradesh 30,-22718.5177,0.6395,0.9267
PC094,Maharashtra,Maharashtra 31,-43775.352,0.5897,1.017
PC095,West Bengal,West Bengal 32,-17954.8754,0.5435,0.8678
PC096,Bihar,Bihar 33,-84669.5609,0.3744,0.3679
PC097,Madhya Pradesh,Madhya Pradesh 34,-42349.8816,0.3693,0.9584
PC098,Tamil Nadu,Tamil Nadu 35,-66693.5378,0.4274,0.9284
PC099,Rajasthan,Rajasthan 36,-54296.7381,0.3877,1.0417
PC100,Karnataka,Karnataka 37,-68734.6522,0.5607,0.8821
PC101,Gujarat,Gujarat 38,-64524.5647,0.7439,0.6314
PC102,Andhra Pradesh,Andhra Pradesh 39,-85143.5552,0.2869,0.8562
PC103,Odisha,Odisha 40,-65068.3178,0.3113,0.7975
PC104,Telangana,Telangana 41,-18899.8332,0.5916,1.2839
PC105,Kerala,Kerala 42,-82979.5479,0.2101,0.6188
PC106,Jharkhand,Jharkhand 43,-82258.4015,0.314,1.066
PC107,Assam,Assam 44,-50167.5969,0.7148,0.688
PC108,Punjab,Punjab 45,-16629.3462,0.318,0.7286
PC109,Chhattisgarh,Chhattisgarh 46,-42209.045,0.4938,1.202
PC110,Haryana,Haryana 47,-67220.185,0.3631,0.8453
PC111,Uttarakhand,Uttarakhand 48,-11198.0168,0.3103,0.4521
PC112,Himachal Pradesh,Himachal Pradesh 49,-60225.349,0.2402,0.8686
PC113,Tripura,Tripura 50,-40877.3932,0.5107,0.7152
PC114,Meghalaya,Meghalaya 51,-20903.1916,0.3052,1.0662
PC115,Manipur,Manipur 52,-37704.7998,0.4646,0.6064
PC116,Nagaland,Nagaland 53,-56960.7136,0.5671,0.998
PC117,Goa,Goa 54,-24376.8316,0.6047,0.6418
PC118,Arunachal Pradesh,Arunachal Pradesh 55,-49222.1152,0.7477,1.1811
PC119,Mizoram,Mizoram 56,-23732.3296,0.1879,0.6678
PC120,Sikkim,Sikkim 57,-64516.2148,0.4298,0.8367
PC121,Jammu and Kashmir,Jammu and Kashmir 58,-16705.543,0.6277,0.5477
PC122,Ladakh,Ladakh 59,-34653.8349,0.59,0.5385
PC123,Uttar Pradesh,Uttar Pradesh 60,-28212.6603,0.5283,1.146
PC124,Maharashtra,Maharashtra 61,-50389.0283,0.5516,0.6969
PC125,West Bengal,West Bengal 62,-41768.6881,0.6779,1.1361
PC126,Bihar,Bihar 63,-43286.0299,0.6869,0.7992
PC127,Madhya Pradesh,Madhya Pradesh 64,-69574.0742,0.578,0.7634
PC128,Tamil Nadu,Tamil Nadu 65,-24060.8967,0.4536,1.1229
PC129,Rajasthan,Rajasthan 66,-67586.3787,0.6173,0.9302
PC130,Karnataka,Karnataka 67,-56796.8949,0.5974,0.924
PC131,Gujarat,Gujarat 68,-58333.8787,0.4315,0.6438
PC132,Andhra Pradesh,Andhra Pradesh 69,-10557.397,0.5288,1.101
PC133,Odisha,Odisha 70,-58135.032,0.6685,0.743
PC134,Telangana,Telangana 71,-58966.4895,0.4476,0.7503
PC135,Kerala,Kerala 72,-36996.151,0.3796,0.4791
PC136,Jharkhand,Jharkhand 73,-63274.9446,0.6282,0.9876
PC137,Assam,Assam 74,-36675.4818,0.6287,0.9287
PC138,Punjab,Punjab 75,-22825.9535,0.4661,1.0103
PC139,Chhattisgarh,Chhattisgarh 76,-70925.7216,0.751,1.1519
PC140,Haryana,Haryana 77,-15405.3783,0.7385,0.4192
PC141,Uttarakhand,Uttarakhand 78,-57441.9383,0.2898,0.9216
PC142,Himachal Pradesh,Himachal Pradesh 79,-25871.5826,0.7684,0.7664
PC143,Tripura,Tripura 80,-37814.2095,0.3016,0.9593
PC144,Meghalaya,Meghalaya 81,-52999.1022,0.3593,0.7198
PC145,Manipur,Manipur 82,-57543.0551,0.2997,0.8038
PC146,Nagaland,Nagaland 83,-23908.8726,0.6617,0.7307
PC147,Goa,Goa 84,-50021.1873,0.2453,0.6533
PC148,Arunachal Pradesh,Arunachal Pradesh 85,-67053.7636,0.5177,0.9215
PC149,Mizoram,Mizoram 86,-11561.712,0.6797,1.2313
PC150,Sikkim,Sikkim 87,-35949.2012,0.5215,1.1686
PC151,Jammu and Kashmir,Jammu and Kashmir 88,-17404.7562,0.3299,1.0122
PC152,Ladakh,Ladakh 89,-54454.1521,0.8162,0.8214
PC153,Uttar Pradesh,Uttar Pradesh 90,-85670.5756,0.755,1.0156
PC154,Maharashtra,Maharashtra 91,-7737.3816,0.4444,0.9772
PC155,West Bengal,West Bengal 92,-63049.2116,0.3037,1.0005
PC156,Bihar,Bihar 93,-69388.9993,0.2669,0.8013
PC157,Madhya Pradesh,Madhya Pradesh 94,-55726.6819,0.7681,0.5855
PC158,Tamil Nadu,Tamil Nadu 95,-53990.7901,0.2508,0.4705
PC159,Rajasthan,Rajasthan 96,-31997.8462,0.2208,0.65
PC160,Karnataka,Karnataka 97,-58859.6589,0.3931,0.8834
PC161,Gujarat,Gujarat 98,-34256.971,0.4848,0.4561
PC162,Andhra Pradesh,Andhra Pradesh 99,-16755.4396,0.3703,0.9621
PC163,Odisha,Odisha 100,-31384.0096,0.7444,0.5875
PC164,Telangana,Telangana 101,-59792.4846,0.2271,1.011
PC165,Kerala,Kerala 102,-34989.8943,0.4036,0.5952
PC166,Jharkhand,Jharkhand 103,-38443.6015,0.2824,0.943
PC167,Assam,Assam 104,-20866.7574,0.4155,0.8178
PC168,Punjab,Punjab 105,-26494.0183,0.5438,0.6308
PC169,Chhattisgarh,Chhattisgarh 106,-19774.3789,0.7758,0.6791
PC170,Haryana,Haryana 107,-48545.3306,0.5605,0.4303
PC171,Uttarakhand,Uttarakhand 108,-12733.643,0.4003,0.8376
PC172,Himachal Pradesh,Himachal Pradesh 109,-80600.2656,0.3199,0.7282
PC173,Tripura,Tripura 110,-44149.6879,0.6735,0.85
PC174,Meghalaya,Meghalaya 111,-71149.145,0.4418,0.4097
PC175,Manipur,Manipur 112,-74692.7214,0.34,0.6103
PC176,Nagaland,Nagaland 113,-58238.3186,0.4921,0.7376
PC177,Goa,Goa 114,-71800.7087,0.3238,0.742
PC178,Arunachal Pradesh,Arunachal Pradesh 115,-67787.6022,0.483,0.8445
PC179,Mizoram,Mizoram 116,-78855.4192,0.5257,0.3781
PC180,Sikkim,Sikkim 117,-61387.534,0.7333,0.5303
PC181,Jammu and Kashmir,Jammu and Kashmir 118,-48894.2524,0.5641,0.579
PC182,Ladakh,Ladakh 119,-62596.992,0.231,0.7842
PC183,Uttar Pradesh,Uttar Pradesh 120,-53099.43,0.1995,0.9334
PC184,Maharashtra,Maharashtra 121,-80600.146,0.7856,0.9211
PC185,West Bengal,West Bengal 122,-44280.9229,0.625,0.7105
PC186,Bihar,Bihar 123,-49932.7738,0.6958,0.541
PC187,Madhya Pradesh,Madhya Pradesh 124,-66722.3385,0.2491,0.6951
PC188,Tamil Nadu,Tamil Nadu 125,-12564.4599,0.7102,0.8087
PC189,Rajasthan,Rajasthan 126,-11489.5736,0.5901,0.8525
PC190,Karnataka,Karnataka 127,-28396.0369,0.3674,0.7379
PC191,Gujarat,Gujarat 128,-22606.3921,0.5643,1.106
PC192,Andhra Pradesh,Andhra Pradesh 129,-73796.355,0.5588,0.5998
PC193,Odisha,Odisha 130,-82924.8018,0.6546,0.8695
PC194,Telangana,Telangana 131,-49979.8422,0.5099,0.9394
PC195,Kerala,Kerala 132,-38053.9267,0.6461,0.8251
PC196,Jharkhand,Jharkhand 133,-37729.4078,0.6695,0.7584
PC197,Assam,Assam 134,-5204.736,0.7278,1.1676
PC198,Punjab,Punjab 135,-48495.8543,0.22,0.3787
PC199,Chhattisgarh,Chhattisgarh 136,-42195.4688,0.6943,0.8998
PC200,Haryana,Haryana 137,-15990.0134,0.6565,0.785
PC201,Uttarakhand,Uttarakhand 138,-73521.1261,0.5061,1.1914
PC202,Himachal Pradesh,Himachal Pradesh 139,-7741.4439,0.5843,0.7208
PC203,Tripura,Tripura 140,-75622.6992,0.41,0.8219
PC204,Meghalaya,Meghalaya 141,-44795.6156,0.612,0.4548
PC205,Manipur,Manipur 142,-32580.561,0.2482,0.6461
PC206,Nagaland,Nagaland 143,-45818.0575,0.5173,0.9408
PC207,Goa,Goa 144,-24025.3162,0.4284,0.7462
PC208,Arunachal Pradesh,Arunachal Pradesh 145,-52707.9925,0.5898,0.3418
PC209,Mizoram,Mizoram 146,-39002.8459,0.5472,1.1149
PC210,Sikkim,Sikkim 147,-40519.833,0.4253,1.1139
PC211,Jammu and Kashmir,Jammu and Kashmir 148,-75663.647,0.413,1.0331
PC212,Ladakh,Ladakh 149,-86648.9025,0.5934,0.6894
PC213,Uttar Pradesh,Uttar Pradesh 150,-75227.9726,0.6302,0.8437
PC214,Maharashtra,Maharashtra 151,-82263.4494,0.3071,0.6238
PC215,West Bengal,West Bengal 152,-31602.0674,0.5739,1.1252
PC216,Bihar,Bihar 153,-11611.4495,0.4728,0.5534
PC217,Madhya Pradesh,Madhya Pradesh 154,-16650.2373,0.5311,0.7259
PC218,Tamil Nadu,Tamil Nadu 155,-39673.2163,0.213,0.714
PC219,Rajasthan,Rajasthan 156,-70921.9011,0.2405,1.122
PC220,Karnataka,Karnataka 157,-7768.6489,0.4469,0.9976
PC221,Gujarat,Gujarat 158,-40670.8197,0.4353,0.7095
PC222,Andhra Pradesh,Andhra Pradesh 159,-33602.4464,0.5033,0.6156
PC223,Odisha,Odisha 160,-59714.0969,0.1625,0.5583
PC224,Telangana,Telangana 161,-83407.2219,0.321,0.9647
PC225,Kerala,Kerala 162,-83619.7851,0.3565,0.7541
PC226,Jharkhand,Jharkhand 163,-46587.0247,0.67,0.4575
PC227,Assam,Assam 164,-82049.2288,0.7773,0.6464
PC228,Punjab,Punjab 165,-61000.1013,0.6697,1.0904
PC229,Chhattisgarh,Chhattisgarh 166,-56678.7473,0.3386,0.5442
PC230,Haryana,Haryana 167,-81496.2935,0.2664,0.7068
PC231,Uttarakhand,Uttarakhand 168,-14700.456,0.4642,1.2219
PC232,Himachal Pradesh,Himachal Pradesh 169,-31812.243,0.6698,0.767
PC233,Tripura,Tripura 170,-35656.1028,0.3252,0.8418
PC234,Meghalaya,Meghalaya 171,-40710.8505,0.435,0.7168
PC235,Manipur,Manipur 172,-73447.8006,0.647,0.9766
PC236,Nagaland,Nagaland 173,-53044.2679,0.6521,0.7924
PC237,Goa,Goa 174,-49213.3578,0.6665,0.8532
PC238,Arunachal Pradesh,Arunachal Pradesh 175,-16436.5769,0.485,0.7505
PC239,Mizoram,Mizoram 176,-61950.6715,0.3148,0.6858
PC240,Sikkim,Sikkim 177,-82639.1614,0.2572,0.7201
PC241,Jammu and Kashmir,Jammu and Kashmir 178,-44653.0552,0.3874,1.1108
PC242,Ladakh,Ladakh 179,-58888.4767,0.736,0.8861
PC243,Uttar Pradesh,Uttar Pradesh 180,-69079.981,0.8042,0.7205
PC244,Maharashtra,Maharashtra 181,-79478.6518,0.6099,0.5794
PC245,West Bengal,West Bengal 182,-71728.6096,0.2941,0.4584
PC246,Bihar,Bihar 183,-66729.6097,0.6254,0.7123
PC247,Madhya Pradesh,Madhya Pradesh 184,-38185.4357,0.3917,1.0586
PC248,Tamil Nadu,Tamil Nadu 185,-48994.7811,0.4392,1.0128
PC249,Rajasthan,Rajasthan 186,-15817.4172,0.1543,1.2138
PC250,Karnataka,Karnataka 187,-19976.2595,0.3282,0.6282
PC251,Gujarat,Gujarat 188,-77543.9837,0.4134,0.9465
PC252,Andhra Pradesh,Andhra Pradesh 189,-69077.2088,0.6612,0.5821
PC253,Odisha,Odisha 190,-34648.1524,0.2727,0.5816
PC254,Telangana,Telangana 191,-12588.1717,0.5264,0.8171
PC255,Kerala,Kerala 192,-52763.9635,0.4514,0.6149
PC256,Jharkhand,Jharkhand 193,-14081.8992,0.2289,0.7204
PC257,Assam,Assam 194,-43918.9606,0.435,1.1282
PC258,Punjab,Punjab 195,-69914.9373,0.7598,0.9766
PC259,Chhattisgarh,Chhattisgarh 196,-16679.2202,0.5214,1.2712
PC260,Haryana,Haryana 197,-43531.5993,0.5865,0.7341
PC261,Uttarakhand,Uttarakhand 198,-76429.9275,0.5778,1.0111
PC262,Himachal Pradesh,Himachal Pradesh 199,-19314.7246,0.4031,0.3632
PC263,Tripura,Tripura 200,-76127.5984,0.5857,0.8406
PC264,Meghalaya,Meghalaya 201,-23146.8266,0.6475,0.5783
PC265,Manipur,Manipur 202,-15317.4969,0.2758,0.601
PC266,Nagaland,Nagaland 203,-81581.7643,0.6279,0.7915
PC267,Goa,Goa 204,-76715.9172,0.772,0.6822
PC268,Arunachal Pradesh,Arunachal Pradesh 205,-12748.6431,0.3877,0.823
PC269,Mizoram,Mizoram 206,-59380.4341,0.6054,0.5905
PC270,Sikkim,Sikkim 207,-39296.7473,0.4854,0.9471
PC271,Jammu and Kashmir,Jammu and Kashmir 208,-40911.4487,0.4922,0.614
PC272,Ladakh,Ladakh 209,-31686.0682,0.5903,0.9695
PC273,Uttar Pradesh,Uttar Pradesh 210,-47676.9553,0.3974,0.7266
PC274,Maharashtra,Maharashtra 211,-61050.4774,0.4978,0.7921
PC275,West Bengal,West Bengal 212,-30791.2901,0.3596,0.9045
PC276,Bihar,Bihar 213,-46341.5548,0.6311,0.397
PC277,Madhya Pradesh,Madhya Pradesh 214,-79664.197,0.4125,0.7979
PC278,Tamil Nadu,Tamil Nadu 215,-13581.0019,0.5359,1.0481
PC279,Rajasthan,Rajasthan 216,-49590.1184,0.4488,0.7654
PC280,Karnataka,Karnataka 217,-82473.4897,0.2739,0.9476
PC281,Gujarat,Gujarat 218,-45370.8525,0.2584,0.439
PC282,Andhra Pradesh,Andhra Pradesh 219,-16808.1578,0.4618,0.9201
PC283,Odisha,Odisha 220,-9333.6778,0.4041,0.966
PC284,Telangana,Telangana 221,-48108.7953,0.2747,0.5821
PC285,Kerala,Kerala 222,-38098.0896,0.6135,0.7282
PC286,Jharkhand,Jharkhand 223,-72767.8557,0.6791,0.8126
PC287,Assam,Assam 224,-81717.2361,0.5289,0.8182
PC288,Punjab,Punjab 225,-14925.438,0.5958,1.113
PC289,Chhattisgarh,Chhattisgarh 226,-83963.7476,0.6802,0.5642
PC290,Haryana,Haryana 227,-79703.719,0.4118,0.5316
PC291,Uttarakhand,Uttarakhand 228,-35980.1101,0.477,0.8809
PC292,Himachal Pradesh,Himachal Pradesh 229,-53690.5801,0.731,1.0431
PC293,Tripura,Tripura 230,-56889.737,0.6332,0.7297
PC294,Meghalaya,Meghalaya 231,-12241.3735,0.3477,0.4565
PC295,Manipur,Manipur 232,-39374.3156,0.2563,0.7563
PC296,Nagaland,Nagaland 233,-57695.1388,0.4181,0.6845
PC297,Goa,Goa 234,-47739.2594,0.4407,1.2184
PC298,Arunachal Pradesh,Arunachal Pradesh 235,-22432.6972,0.263,0.7526
PC299,Mizoram,Mizoram 236,-56078.06,0.4961,1.0738
PC300,Sikkim,Sikkim 237,-39693.7726,0.4129,0.8353
PC301,Jammu and Kashmir,Jammu and Kashmir 238,-21595.1516,0.6628,0.8975
PC302,Ladakh,Ladakh 239,-35655.9904,0.4673,1.1288
PC303,Uttar Pradesh,Uttar Pradesh 240,-83589.3103,0.3305,0.8592
PC304,Maharashtra,Maharashtra 241,-52836.4065,0.621,0.699
PC305,West Bengal,West Bengal 242,-53890.9489,0.8112,0.6074
PC306,Bihar,Bihar 243,-58679.95,0.6706,0.9963
PC307,Madhya Pradesh,Madhya Pradesh 244,-42567.211,0.3084,0.6575
PC308,Tamil Nadu,Tamil Nadu 245,-7692.9891,0.6175,0.747
PC309,Rajasthan,Rajasthan 246,-48618.4062,0.4692,0.8661
PC310,Karnataka,Karnataka 247,-62068.56,0.4279,0.4619
PC311,Gujarat,Gujarat 248,-69484.696,0.6807,0.8685
PC312,Andhra Pradesh,Andhra Pradesh 249,-52783.6083,0.5377,0.9332
PC313,Odisha,Odisha 250,-72861.5234,0.3567,0.6922
PC314,Telangana,Telangana 251,-57679.4245,0.7465,0.6367
PC315,Kerala,Kerala 252,-55192.3561,0.3385,0.9752
PC316,Jharkhand,Jharkhand 253,-69732.198,0.6713,1.2246
PC317,Assam,Assam 254,-26849.5686,0.2962,0.8259
PC318,Punjab,Punjab 255,-23609.0521,0.6821,1.1636
PC319,Chhattisgarh,Chhattisgarh 256,-39876.3041,0.6123,0.7307
PC320,Haryana,Haryana 257,-77323.7844,0.6843,0.5454
PC321,Uttarakhand,Uttarakhand 258,-10529.8973,0.6675,0.9802
PC322,Himachal Pradesh,Himachal Pradesh 259,-29942.2269,0.7382,0.6778
PC323,Tripura,Tripura 260,-65631.5502,0.6077,0.832
PC324,Meghalaya,Meghalaya 261,-55494.2935,0.4375,0.867
PC325,Manipur,Manipur 262,-24936.2299,0.6933,0.6563
PC326,Nagaland,Nagaland 263,-13533.9315,0.3401,0.6753
PC327,Goa,Goa 264,-12508.5397,0.6073,0.863
PC328,Arunachal Pradesh,Arunachal Pradesh 265,-70658.2152,0.3312,0.8181
PC329,Mizoram,Mizoram 266,-16835.0835,0.5595,1.2593
PC330,Sikkim,Sikkim 267,-40850.2447,0.4515,0.7242
PC331,Jammu and Kashmir,Jammu and Kashmir 268,-29442.7536,0.6382,0.7671
PC332,Ladakh,Ladakh 269,-10776.6056,0.3031,0.92
PC333,Uttar Pradesh,Uttar Pradesh 270,-16341.1399,0.6871,0.6582
PC334,Maharashtra,Maharashtra 271,-9314.7264,0.6286,0.9423
PC335,West Bengal,West Bengal 272,-18869.1822,0.6802,1.0728
PC336,Bihar,Bihar 273,-79176.2348,0.4649,0.5052
PC337,Madhya Pradesh,Madhya Pradesh 274,-40326.4955,0.3661,0.9882
PC338,Tamil Nadu,Tamil Nadu 275,-15460.1544,0.7882,0.9521
PC339,Rajasthan,Rajasthan 276,-72226.9383,0.5882,0.6788
PC340,Karnataka,Karnataka 277,-50845.0527,0.577,1.1228
PC341,Gujarat,Gujarat 278,-66392.5787,0.7889,0.5662
PC342,Andhra Pradesh,Andhra Pradesh 279,-17148.7771,0.3101,0.5366
PC343,Odisha,Odisha 280,-19745.903,0.6405,0.8562
PC344,Telangana,Telangana 281,-48298.0244,0.5369,0.5457
PC345,Kerala,Kerala 282,-50319.9144,0.6925,0.573
PC346,Jharkhand,Jharkhand 283,-46036.9443,0.436,0.5697
PC347,Assam,Assam 284,-59371.1633,0.2565,1.031
PC348,Punjab,Punjab 285,-37997.4221,0.5972,0.5694
PC349,Chhattisgarh,Chhattisgarh 286,-81239.0851,0.2985,0.34
PC350,Haryana,Haryana 287,-62079.7319,0.4197,0.7821
PC351,Uttarakhand,Uttarakhand 288,-67140.1222,0.2056,1.0555
PC352,Himachal Pradesh,Himachal Pradesh 289,-51579.7418,0.5206,0.8655
PC353,Tripura,Tripura 290,-65665.9512,0.7164,0.873
PC354,Meghalaya,Meghalaya 291,-66208.7584,0.4388,0.7534
PC355,Manipur,Manipur 292,-66798.2549,0.3495,0.502
PC356,Nagaland,Nagaland 293,-28183.7516,0.3965,0.7224
PC357,Goa,Goa 294,-14456.3763,0.4693,0.6228
PC358,Arunachal Pradesh,Arunachal Pradesh 295,-45663.9828,0.5715,0.8321
PC359,Mizoram,Mizoram 296,-25737.3034,0.5306,0.8661
PC360,Sikkim,Sikkim 297,-72707.6305,0.3625,0.8652
PC361,Jammu and Kashmir,Jammu and Kashmir 298,-42205.002,0.5771,0.7776
PC362,Ladakh,Ladakh 299,-79307.6447,0.6904,0.7906
PC363,Uttar Pradesh,Uttar Pradesh 300,-62666.8484,0.3136,1.0339
PC364,Maharashtra,Maharashtra 301,-70931.876,0.3882,1.0025
PC365,West Bengal,West Bengal 302,-27211.8821,0.5391,1.146
PC366,Bihar,Bihar 303,-84208.3452,0.4433,0.8635
PC367,Madhya Pradesh,Madhya Pradesh 304,-74534.4698,0.3179,0.6301
PC368,Tamil Nadu,Tamil Nadu 305,-16892.229,0.4648,1.2114
PC369,Rajasthan,Rajasthan 306,-50034.6614,0.3741,0.8076
PC370,Karnataka,Karnataka 307,-71184.4399,0.6935,0.858
PC371,Gujarat,Gujarat 308,-34673.3407,0.3822,0.7552
PC372,Andhra Pradesh,Andhra Pradesh 309,-12310.7509,0.7139,0.7852
PC373,Odisha,Odisha 310,-61849.4725,0.4145,0.5599
PC374,Telangana,Telangana 311,-23973.8305,0.4319,1.0012
PC375,Kerala,Kerala 312,-87338.6065,0.1841,1.1774
PC376,Jharkhand,Jharkhand 313,-85621.2493,0.2062,1.1709
PC377,Assam,Assam 314,-32120.062,0.5452,0.6794
PC378,Punjab,Punjab 315,-10093.3453,0.3464,0.7895
PC379,Chhattisgarh,Chhattisgarh 316,-46116.8554,0.6262,0.9051
PC380,Haryana,Haryana 317,-48432.4272,0.5749,0.667
PC381,Uttarakhand,Uttarakhand 318,-67207.2982,0.6736,0.854
PC382,Himachal Pradesh,Himachal Pradesh 319,-73284.3087,0.5187,0.9205
PC383,Tripura,Tripura 320,-35187.3217,0.4644,0.6774
PC384,Meghalaya,Meghalaya 321,-28630.9462,0.2428,0.6156
PC385,Manipur,Manipur 322,-54404.4558,0.5664,0.3756
PC386,Nagaland,Nagaland 323,-32732.0564,0.5542,0.7087
PC387,Goa,Goa 324,-65828.8201,0.36,0.7577
PC388,Arunachal Pradesh,Arunachal Pradesh 325,-57067.5952,0.5205,1.0366
PC389,Mizoram,Mizoram 326,-49816.5601,0.7484,1.1351
PC390,Sikkim,Sikkim 327,-32807.6446,0.332,0.7074
PC391,Jammu and Kashmir,Jammu and Kashmir 328,-14264.9745,0.2085,0.7548
PC392,Ladakh,Ladakh 329,-83190.7457,0.3291,0.926
PC393,Uttar Pradesh,Uttar Pradesh 330,-52061.415,0.4101,0.7302
PC394,Maharashtra,Maharashtra 331,-64222.512,0.6412,1.0632
PC395,West Bengal,West Bengal 332,-17338.7934,0.7335,0.7587
PC396,Bihar,Bihar 333,-73941.136,0.3816,0.6313
PC397,Madhya Pradesh,Madhya Pradesh 334,-56183.7258,0.4338,0.5107
PC398,Tamil Nadu,Tamil Nadu 335,-27697.6596,0.4117,0.999
PC399,Rajasthan,Rajasthan 336,-64770.6269,0.4974,0.6203
PC400,Karnataka,Karnataka 337,-37950.3415,0.4544,0.7802
PC401,Gujarat,Gujarat 338,-57488.4535,0.7798,0.6791
PC402,Andhra Pradesh,Andhra Pradesh 339,-84166.9443,0.2669,0.7899
PC403,Odisha,Odisha 340,-51924.8688,0.7319,0.9578
PC404,Telangana,Telangana 341,-47211.4068,0.555,0.5345
PC405,Kerala,Kerala 342,-73776.7777,0.562,0.6465
PC406,Jharkhand,Jharkhand 343,-25691.7369,0.6111,0.5616
PC407,Assam,Assam 344,-65125.2107,0.4228,1.0969
PC408,Punjab,Punjab 345,-30965.9218,0.4725,0.6969
PC409,Chhattisgarh,Chhattisgarh 346,-44567.7296,0.5498,0.5232
PC410,Haryana,Haryana 347,-47153.6123,0.3055,0.9784
PC411,Uttarakhand,Uttarakhand 348,-39858.3572,0.4509,0.729
PC412,Himachal Pradesh,Himachal Pradesh 349,-38952.6066,0.4545,0.4015
PC413,Tripura,Tripura 350,-28988.8644,0.4396,0.6775
PC414,Meghalaya,Meghalaya 351,-47014.7136,0.6179,0.9519
PC415,Manipur,Manipur 352,-19631.5372,0.5833,0.8884
PC416,Nagaland,Nagaland 353,-8796.7319,0.5127,1.0853
PC417,Goa,Goa 354,-23338.376,0.4774,1.1871
PC418,Arunachal Pradesh,Arunachal Pradesh 355,-83841.4061,0.603,0.723
PC419,Mizoram,Mizoram 356,-21731.5241,0.6872,0.4269
PC420,Sikkim,Sikkim 357,-82248.0846,0.5189,0.7563
PC421,Jammu and Kashmir,Jammu and Kashmir 358,-21126.0782,0.7251,0.8342
PC422,Ladakh,Ladakh 359,-15434.6956,0.3742,0.9732
PC423,Uttar Pradesh,Uttar Pradesh 360,-18362.8223,0.3796,1.0988
PC424,Maharashtra,Maharashtra 361,-20249.3724,0.7669,1.1627
PC425,West Bengal,West Bengal 362,-22221.2694,0.8026,0.9465
PC426,Bihar,Bihar 363,-67656.7973,0.6233,0.5557
PC427,Madhya Pradesh,Madhya Pradesh 364,-80024.4432,0.594,0.9878
PC428,Tamil Nadu,Tamil Nadu 365,-75224.4576,0.589,0.6776
PC429,Rajasthan,Rajasthan 366,-83381.8474,0.61,0.9012
PC430,Karnataka,Karnataka 367,-34860.319,0.5366,1.1168
PC431,Gujarat,Gujarat 368,-57042.5709,0.4091,0.4552
PC432,Andhra Pradesh,Andhra Pradesh 369,-32869.4574,0.4233,0.7748
PC433,Odisha,Odisha 370,-46105.4098,0.6595,0.592
PC434,Telangana,Telangana 371,-16233.6181,0.6104,0.5896
PC435,Kerala,Kerala 372,-68799.3368,0.4066,0.8016
PC436,Jharkhand,Jharkhand 373,-78445.9721,0.5802,0.7356
PC437,Assam,Assam 374,-14559.4033,0.5823,0.7623
PC438,Punjab,Punjab 375,-54358.0483,0.5292,0.79
PC439,Chhattisgarh,Chhattisgarh 376,-17333.3925,0.3883,0.7641
PC440,Haryana,Haryana 377,-64535.123,0.3429,0.8053
PC441,Uttarakhand,Uttarakhand 378,-40712.6116,0.3305,1.0279
PC442,Himachal Pradesh,Himachal Pradesh 379,-53814.7684,0.5686,0.9655
PC443,Tripura,Tripura 380,-17134.604,0.6521,0.8614
PC444,Meghalaya,Meghalaya 381,-19553.7353,0.3928,0.6359
PC445,Manipur,Manipur 382,-80127.6078,0.4444,0.8099
PC446,Nagaland,Nagaland 383,-62931.9268,0.3478,0.6491
PC447,Goa,Goa 384,-71940.318,0.3788,0.5066
PC448,Arunachal Pradesh,Arunachal Pradesh 385,-83448.6314,0.6136,1.0927
PC449,Mizoram,Mizoram 386,-81930.9822,0.6281,1.2297
PC450,Sikkim,Sikkim 387,-81316.7291,0.1724,0.4957
PC451,Jammu and Kashmir,Jammu and Kashmir 388,-29136.9802,0.3864,1.1427
PC452,Ladakh,Ladakh 389,-82527.8465,0.3307,0.4577
PC453,Uttar Pradesh,Uttar Pradesh 390,-53534.943,0.4554,0.7508
PC454,Maharashtra,Maharashtra 391,-28131.104,0.3959,0.8234
PC455,West Bengal,West Bengal 392,-30220.8926,0.2715,0.3616
PC456,Bihar,Bihar 393,-39748.4528,0.701,0.5755
PC457,Madhya Pradesh,Madhya Pradesh 394,-34301.6543,0.5163,0.8445
PC458,Tamil Nadu,Tamil Nadu 395,-44211.5031,0.7341,0.6552
PC459,Rajasthan,Rajasthan 396,-69223.0246,0.5243,0.8899
PC460,Karnataka,Karnataka 397,-19879.0011,0.4005,1.0544
PC461,Gujarat,Gujarat 398,-36910.9369,0.3324,0.9552
PC462,Andhra Pradesh,Andhra Pradesh 399,-30618.887,0.507,0.601
PC463,Odisha,Odisha 400,-76054.4306,0.2676,0.5587
PC464,Telangana,Telangana 401,-55603.1115,0.3279,0.4264
PC465,Kerala,Kerala 402,-41924.5979,0.4021,0.7379
PC466,Jharkhand,Jharkhand 403,-58815.6073,0.2539,0.6977
PC467,Assam,Assam 404,-13025.8938,0.3034,0.8004
PC468,Punjab,Punjab 405,-31985.2657,0.4273,0.9177
PC469,Chhattisgarh,Chhattisgarh 406,-22283.8747,0.3499,0.8955
PC470,Haryana,Haryana 407,-49062.7497,0.7439,0.5959
PC471,Uttarakhand,Uttarakhand 408,-69330.3248,0.32,0.7282
PC472,Himachal Pradesh,Himachal Pradesh 409,-61759.6663,0.73,0.6695
PC473,Tripura,Tripura 410,-55582.2786,0.4987,0.8383
PC474,Meghalaya,Meghalaya 411,-54659.0675,0.662,0.8047
PC475,Manipur,Manipur 412,-55022.5855,0.5703,1.0972
PC476,Nagaland,Nagaland 413,-24718.2162,0.7213,0.4315
PC477,Goa,Goa 414,-32203.524,0.3661,0.7965
PC478,Arunachal Pradesh,Arunachal Pradesh 415,-51356.691,0.695,0.4956
PC479,Mizoram,Mizoram 416,-56485.6187,0.3132,1.1259
PC480,Sikkim,Sikkim 417,-47642.9812,0.4356,0.9427
PC481,Jammu and Kashmir,Jammu and Kashmir 418,-55596.1079,0.7909,0.4345
PC482,Ladakh,Ladakh 419,-76709.1115,0.4281,0.4475
PC483,Uttar Pradesh,Uttar Pradesh 420,-39572.8721,0.7003,1.3805
PC484,Maharashtra,Maharashtra 421,-24779.5181,0.236,0.7515
PC485,West Bengal,West Bengal 422,-83205.9472,0.7399,0.8702
PC486,Bihar,Bihar 423,-50665.8195,0.553,1.0515
PC487,Madhya Pradesh,Madhya Pradesh 424,-59022.8074,0.3596,0.8558
PC488,Tamil Nadu,Tamil Nadu 425,-71428.3293,0.2839,0.4585
PC489,Rajasthan,Rajasthan 426,-30442.7294,0.4233,1.1397
PC490,Karnataka,Karnataka 427,-14215.327,0.2553,1.1021
PC491,Gujarat,Gujarat 428,-60191.3064,0.2884,0.7125
PC492,Andhra Pradesh,Andhra Pradesh 429,-58857.1941,0.5233,0.7595
PC493,Odisha,Odisha 430,-81018.0618,0.5484,1.0831
PC494,Telangana,Telangana 431,-70779.8123,0.1753,0.4694
PC495,Kerala,Kerala 432,-81156.2166,0.4292,1.0071
PC496,Jharkhand,Jharkhand 433,-69561.5156,0.409,0.7602
PC497,Assam,Assam 434,-83174.1421,0.6849,1.3334
PC498,Punjab,Punjab 435,-68110.8354,0.2592,0.874
PC499,Chhattisgarh,Chhattisgarh 436,-33576.8493,0.719,0.6509
PC500,Haryana,Haryana 437,-11544.7437,0.7574,1.237
PC501,Uttarakhand,Uttarakhand 438,-66903.8422,0.1626,1.1409
PC502,Himachal Pradesh,Himachal Pradesh 439,-37465.7071,0.636,0.7488
PC503,Tripura,Tripura 440,-11511.0092,0.3557,0.9277
PC504,Meghalaya,Meghalaya 441,-42633.337,0.2921,0.8568
PC505,Manipur,Manipur 442,-10086.6614,0.3469,0.6898
PC506,Nagaland,Nagaland 443,-48033.6419,0.6144,1.2992
PC507,Goa,Goa 444,-48162.0552,0.1667,0.5316
PC508,Arunachal Pradesh,Arunachal Pradesh 445,-49768.6646,0.7741,0.8115
PC509,Mizoram,Mizoram 446,-47402.8396,0.7234,0.8651
PC510,Sikkim,Sikkim 447,-78930.2217,0.6378,0.6207
PC511,Jammu and Kashmir,Jammu and Kashmir 448,-23263.2639,0.7408,0.8339
PC512,Ladakh,Ladakh 449,-63309.5648,0.4977,0.6529
PC513,Uttar Pradesh,Uttar Pradesh 450,-80023.0444,0.5077,0.9998
PC514,Maharashtra,Maharashtra 451,-42864.8563,0.2451,0.5245
PC515,West Bengal,West Bengal 452,-26349.2671,0.5113,0.8872
PC516,Bihar,Bihar 453,-85860.7557,0.7247,0.6321
PC517,Madhya Pradesh,Madhya Pradesh 454,-63999.6407,0.3531,0.7923
PC518,Tamil Nadu,Tamil Nadu 455,-29433.1068,0.5784,0.9954
PC519,Rajasthan,Rajasthan 456,-72483.1668,0.3218,0.5671
PC520,Karnataka,Karnataka 457,-87219.2669,0.6618,0.7499
PC521,Gujarat,Gujarat 458,-18918.6625,0.6819,0.9068
PC522,Andhra Pradesh,Andhra Pradesh 459,-72264.2529,0.6518,0.988
PC523,Odisha,Odisha 460,-48257.3486,0.6447,0.6409
PC524,Telangana,Telangana 461,-74091.6666,0.3642,0.9519
PC525,Kerala,Kerala 462,-67807.0054,0.2785,0.8585
PC526,Jharkhand,Jharkhand 463,-73038.0591,0.5877,0.9722
PC527,Assam,Assam 464,-20428.2379,0.676,0.9011
PC528,Punjab,Punjab 465,-19710.4724,0.5197,0.9654
PC529,Chhattisgarh,Chhattisgarh 466,-52494.1085,0.6802,1.0017
PC530,Haryana,Haryana 467,-62189.045,0.4406,0.7385
PC531,Uttarakhand,Uttarakhand 468,-69223.9631,0.5692,1.2471
PC532,Himachal Pradesh,Himachal Pradesh 469,-46624.519,0.4349,0.8053
PC533,Tripura,Tripura 470,-15764.0482,0.4594,0.4007
PC534,Meghalaya,Meghalaya 471,-79078.8507,0.518,0.9365
PC535,Manipur,Manipur 472,-32972.4743,0.4322,0.6195
PC536,Nagaland,Nagaland 473,-53691.6819,0.7047,0.4658
PC537,Goa,Goa 474,-19249.9716,0.6191,0.9427
PC538,Arunachal Pradesh,Arunachal Pradesh 475,-24681.0916,0.6432,0.9042
PC539,Mizoram,Mizoram 476,-6284.1631,0.4039,0.4186
PC540,Sikkim,Sikkim 477,-54430.4536,0.264,1.0026
PC541,Jammu and Kashmir,Jammu and Kashmir 478,-7618.3876,0.4283,1.0787
PC542,Ladakh,Ladakh 479,-71882.7115,0.1918,0.6582
PC543,Uttar Pradesh,Uttar Pradesh 480,-21379.3553,0.3029,0.9219
