pc_id,state,constituency_name,form6_addition_requests,form6_inward_migration,form6_outward_migration,net_migration,form7_deletion_requests,form8_correction_requests,data_origin,anchor_level
PC001,Maharashtra,Mumbai North,5445,2178,3267,-1089,580,568,synthetic,ECI_aggregate_estimate
PC002,Maharashtra,Mumbai South,3357,1930,1427,503,360,670,synthetic,ECI_aggregate_estimate
PC003,Maharashtra,Mumbai North West,4755,2969,1786,1183,274,991,synthetic,ECI_aggregate_estimate
PC004,Maharashtra,Mumbai North East,7235,4144,3091,1053,915,1033,synthetic,ECI_aggregate_estimate
PC005,Maharashtra,Mumbai North Central,2255,1055,1200,-145,191,390,synthetic,ECI_aggregate_estimate
PC006,Maharashtra,Mumbai South Central,4955,2141,2814,-673,350,597,synthetic,ECI_aggregate_estimate
PC007,Maharashtra,Pune,3637,1464,2173,-709,400,458,synthetic,ECI_aggregate_estimate
PC008,Maharashtra,Nagpur,3293,1859,1434,425,437,588,synthetic,ECI_aggregate_estimate
PC009,Maharashtra,Thane,3476,1500,1976,-476,363,457,synthetic,ECI_aggregate_estimate
PC010,Maharashtra,Nashik,5177,2167,3010,-843,715,895,synthetic,ECI_aggregate_estimate
PC011,Delhi,Chandni Chowk,5378,2959,2419,540,353,634,synthetic,ECI_aggregate_estimate
PC012,Delhi,New Delhi,6067,2228,3839,-1611,910,861,synthetic,ECI_aggregate_estimate
PC013,Delhi,North East Delhi,2160,1362,798,564,322,458,synthetic,ECI_aggregate_estimate
PC014,Delhi,East Delhi,5760,2891,2869,22,709,894,synthetic,ECI_aggregate_estimate
PC015,Delhi,North West Delhi,4240,1918,2322,-404,564,1002,synthetic,ECI_aggregate_estimate
PC016,Delhi,West Delhi,6377,2868,3509,-641,532,1410,synthetic,ECI_aggregate_estimate
PC017,Delhi,South Delhi,6080,3381,2699,682,545,937,synthetic,ECI_aggregate_estimate
PC018,Karnataka,Bangalore North,5252,3214,2038,1176,345,632,synthetic,ECI_aggregate_estimate
PC019,Karnataka,Bangalore Central,4960,2862,2098,764,330,1028,synthetic,ECI_aggregate_estimate
PC020,Karnataka,Bangalore South,2468,1105,1363,-258,345,304,synthetic,ECI_aggregate_estimate
PC021,Karnataka,Bangalore Rural,1792,963,829,134,223,428,synthetic,ECI_aggregate_estimate
PC022,Karnataka,Mysore,2618,1149,1469,-320,352,411,synthetic,ECI_aggregate_estimate
PC023,Karnataka,Mangalore,7016,2688,4328,-1640,927,1040,synthetic,ECI_aggregate_estimate
PC024,Tamil Nadu,Chennai North,2632,959,1673,-714,321,528,synthetic,ECI_aggregate_estimate
PC025,Tamil Nadu,Chennai South,6425,3898,2527,1371,536,1600,synthetic,ECI_aggregate_estimate
PC026,Tamil Nadu,Chennai Central,4177,2406,1771,635,574,902,synthetic,ECI_aggregate_estimate
PC027,Tamil Nadu,Coimbatore,1553,613,940,-327,94,156,synthetic,ECI_aggregate_estimate
PC028,Tamil Nadu,Madurai,4027,2504,1523,981,435,740,synthetic,ECI_aggregate_estimate
PC029,West Bengal,Kolkata North,2248,1355,893,462,201,549,synthetic,ECI_aggregate_estimate
PC030,West Bengal,Kolkata South,6053,3803,2250,1553,583,896,synthetic,ECI_aggregate_estimate
PC031,West Bengal,Howrah,4964,1835,3129,-1294,535,1050,synthetic,ECI_aggregate_estimate
PC032,West Bengal,Darjeeling,6728,4065,2663,1402,557,958,synthetic,ECI_aggregate_estimate
PC033,Gujarat,Ahmedabad East,2933,1727,1206,521,342,462,synthetic,ECI_aggregate_estimate
PC034,Gujarat,Ahmedabad West,6188,3633,2555,1078,311,1420,synthetic,ECI_aggregate_estimate
PC035,Gujarat,Surat,3372,1325,2047,-722,411,784,synthetic,ECI_aggregate_estimate
PC036,Gujarat,Vadodara,1475,529,946,-417,108,277,synthetic,ECI_aggregate_estimate
PC037,Rajasthan,Jaipur,5074,2784,2290,494,407,1019,synthetic,ECI_aggregate_estimate
PC038,Rajasthan,Jaipur Rural,2433,1503,930,573,319,440,synthetic,ECI_aggregate_estimate
PC039,Rajasthan,Jodhpur,7258,3037,4221,-1184,896,1374,synthetic,ECI_aggregate_estimate
PC040,Rajasthan,Udaipur,5820,3687,2133,1554,575,1310,synthetic,ECI_aggregate_estimate
PC041,Uttar Pradesh,Lucknow,2643,1642,1001,641,382,619,synthetic,ECI_aggregate_estimate
PC042,Uttar Pradesh,Kanpur,3525,1923,1602,321,188,726,synthetic,ECI_aggregate_estimate
PC043,Uttar Pradesh,Varanasi,5291,3099,2192,907,459,920,synthetic,ECI_aggregate_estimate
PC044,Uttar Pradesh,Allahabad,4538,2190,2348,-158,495,652,synthetic,ECI_aggregate_estimate
PC045,Uttar Pradesh,Agra,1518,946,572,374,139,279,synthetic,ECI_aggregate_estimate
PC046,Uttar Pradesh,Meerut,1579,896,683,213,200,258,synthetic,ECI_aggregate_estimate
PC047,Uttar Pradesh,Ghaziabad,1832,1159,673,486,237,198,synthetic,ECI_aggregate_estimate
PC048,Uttar Pradesh,Noida,7355,4397,2958,1439,1030,947,synthetic,ECI_aggregate_estimate
PC049,Telangana,Hyderabad,1785,1147,638,509,128,268,synthetic,ECI_aggregate_estimate
PC050,Telangana,Secunderabad,2551,935,1616,-681,158,415,synthetic,ECI_aggregate_estimate
PC051,Kerala,Thiruvananthapuram,2271,1057,1214,-157,117,397,synthetic,ECI_aggregate_estimate
PC052,Kerala,Ernakulam,6977,4180,2797,1383,948,1447,synthetic,ECI_aggregate_estimate
PC053,Kerala,Thrissur,5702,3421,2281,1140,347,636,synthetic,ECI_aggregate_estimate
PC054,Punjab,Amritsar,3053,1145,1908,-763,194,393,synthetic,ECI_aggregate_estimate
PC055,Punjab,Ludhiana,5105,3013,2092,921,513,929,synthetic,ECI_aggregate_estimate
PC056,Haryana,Gurugram,2889,1031,1858,-827,431,467,synthetic,ECI_aggregate_estimate
PC057,Haryana,Faridabad,2437,1451,986,465,335,599,synthetic,ECI_aggregate_estimate
PC058,Bihar,Patna Sahib,2178,824,1354,-530,131,310,synthetic,ECI_aggregate_estimate
PC059,Bihar,Gaya,2180,1318,862,456,269,228,synthetic,ECI_aggregate_estimate
PC060,Madhya Pradesh,Bhopal,2860,1789,1071,718,269,443,synthetic,ECI_aggregate_estimate
PC061,Madhya Pradesh,Indore,7050,3124,3926,-802,740,1292,synthetic,ECI_aggregate_estimate
PC062,Andhra Pradesh,Visakhapatnam,2931,1627,1304,323,261,720,synthetic,ECI_aggregate_estimate
PC063,Andhra Pradesh,Vijayawada,3015,1941,1074,867,282,658,synthetic,ECI_aggregate_estimate
PC064,Maharashtra,Maharashtra 1,5074,3258,1816,1442,434,1099,synthetic,ECI_aggregate_estimate
PC065,West Bengal,West Bengal 2,4451,2050,2401,-351,647,619,synthetic,ECI_aggregate_estimate
PC066,Bihar,Bihar 3,1773,849,924,-75,199,354,synthetic,ECI_aggregate_estimate
PC067,Madhya Pradesh,Madhya Pradesh 4,6765,4071,2694,1377,853,1240,synthetic,ECI_aggregate_estimate
PC068,Tamil Nadu,Tamil Nadu 5,3676,1527,2149,-622,316,399,synthetic,ECI_aggregate_estimate
PC069,Rajasthan,Rajasthan 6,2417,1233,1184,49,155,480,synthetic,ECI_aggregate_estimate
PC070,Karnataka,Karnataka 7,6280,3712,2568,1144,700,1302,synthetic,ECI_aggregate_estimate
PC071,Gujarat,Gujarat 8,6293,3390,2903,487,322,791,synthetic,ECI_aggregate_estimate
PC072,Andhra Pradesh,Andhra Pradesh 9,4925,2225,2700,-475,577,594,synthetic,ECI_aggregate_estimate
PC073,Odisha,Odisha 10,3005,1472,1533,-61,245,685,synthetic,ECI_aggregate_estimate
PC074,Telangana,Telangana 11,1651,787,864,-77,193,352,synthetic,ECI_aggregate_estimate
PC075,Kerala,Kerala 12,4744,2689,2055,634,544,819,synthetic,ECI_aggregate_estimate
PC076,Jharkhand,Jharkhand 13,5426,3029,2397,632,510,1323,synthetic,ECI_aggregate_estimate
PC077,Assam,Assam 14,5626,3038,2588,450,556,1153,synthetic,ECI_aggregate_estimate
PC078,Punjab,Punjab 15,4755,2853,1902,951,390,1086,synthetic,ECI_aggregate_estimate
PC079,Chhattisgarh,Chhattisgarh 16,7187,4383,2804,1579,501,984,synthetic,ECI_aggregate_estimate
PC080,Haryana,Haryana 17,6907,3848,3059,789,489,1398,synthetic,ECI_aggregate_estimate
PC081,Uttarakhand,Uttarakhand 18,5230,3398,1832,1566,412,728,synthetic,ECI_aggregate_estimate
PC082,Himachal Pradesh,Himachal Pradesh 19,2882,1168,1714,-546,248,511,synthetic,ECI_aggregate_estimate
PC083,Tripura,Tripura 20,2211,1068,1143,-75,308,412,synthetic,ECI_aggregate_estimate
PC084,Meghalaya,Meghalaya 21,1513,700,813,-113,100,271,synthetic,ECI_aggregate_estimate
PC085,Manipur,Manipur 22,5977,3728,2249,1479,683,1448,synthetic,ECI_aggregate_estimate
PC086,Nagaland,Nagaland 23,5269,2242,3027,-785,394,851,synthetic,ECI_aggregate_estimate
PC087,Goa,Goa 24,2566,1219,1347,-128,345,561,synthetic,ECI_aggregate_estimate
PC088,Arunachal Pradesh,Arunachal Pradesh 25,4699,1750,2949,-1199,484,1154,synthetic,ECI_aggregate_estimate
PC089,Mizoram,Mizoram 26,6277,3744,2533,1211,553,1004,synthetic,ECI_aggregate_estimate
PC090,Sikkim,Sikkim 27,4440,2842,1598,1244,528,851,synthetic,ECI_aggregate_estimate
PC091,Jammu and Kashmir,Jammu and Kashmir 28,2105,1249,856,393,159,364,synthetic,ECI_aggregate_estimate
PC092,Ladakh,Ladakh 29,5039,2469,2570,-101,585,687,synthetic,ECI_aggregate_estimate
PC093,Uttar Pradesh,Uttar Pradesh 30,4960,2311,2649,-338,668,988,synthetic,ECI_aggregate_estimate
PC094,Maharashtra,Maharashtra 31,1758,701,1057,-356,261,439,synthetic,ECI_aggregate_estimate
PC095,West Bengal,West Bengal 32,2344,1089,1255,-166,292,285,synthetic,ECI_aggregate_estimate
PC096,Bihar,Bihar 33,6845,3050,3795,-745,930,1470,synthetic,ECI_aggregate_estimate
PC097,Madhya Pradesh,Madhya Pradesh 34,7095,3220,3875,-655,1040,1531,synthetic,ECI_aggregate_estimate
PC098,Tamil Nadu,Tamil Nadu 35,4933,2823,2110,713,570,611,synthetic,ECI_aggregate_estimate
PC099,Rajasthan,Rajasthan 36,6417,2667,3750,-1083,663,1505,synthetic,ECI_aggregate_estimate
PC100,Karnataka,Karnataka 37,5855,3491,2364,1127,726,1129,synthetic,ECI_aggregate_estimate
PC101,Gujarat,Gujarat 38,4614,2532,2082,450,592,1065,synthetic,ECI_aggregate_estimate
PC102,Andhra Pradesh,Andhra Pradesh 39,3585,2278,1307,971,323,398,synthetic,ECI_aggregate_estimate
PC103,Odisha,Odisha 40,2468,1275,1193,82,135,552,synthetic,ECI_aggregate_estimate
PC104,Telangana,Telangana 41,7095,3167,3928,-761,699,1315,synthetic,ECI_aggregate_estimate
PC105,Kerala,Kerala 42,1665,729,936,-207,189,170,synthetic,ECI_aggregate_estimate
PC106,Jharkhand,Jharkhand 43,5132,3280,1852,1428,370,878,synthetic,ECI_aggregate_estimate
PC107,Assam,Assam 44,1772,713,1059,-346,224,225,synthetic,ECI_aggregate_estimate
PC108,Punjab,Punjab 45,2505,1362,1143,219,235,390,synthetic,ECI_aggregate_estimate
PC109,Chhattisgarh,Chhattisgarh 46,4302,1737,2565,-828,506,899,synthetic,ECI_aggregate_estimate
PC110,Haryana,Haryana 47,1805,848,957,-109,99,255,synthetic,ECI_aggregate_estimate
PC111,Uttarakhand,Uttarakhand 48,6464,3647,2817,830,403,991,synthetic,ECI_aggregate_estimate
PC112,Himachal Pradesh,Himachal Pradesh 49,6689,2942,3747,-805,356,856,synthetic,ECI_aggregate_estimate
PC113,Tripura,Tripura 50,3577,2119,1458,661,311,667,synthetic,ECI_aggregate_estimate
PC114,Meghalaya,Meghalaya 51,6515,2673,3842,-1169,708,1238,synthetic,ECI_aggregate_estimate
PC115,Manipur,Manipur 52,5347,2407,2940,-533,457,817,synthetic,ECI_aggregate_estimate
PC116,Nagaland,Nagaland 53,5581,3021,2560,461,464,1252,synthetic,ECI_aggregate_estimate
PC117,Goa,Goa 54,3807,2031,1776,255,296,399,synthetic,ECI_aggregate_estimate
PC118,Arunachal Pradesh,Arunachal Pradesh 55,4867,1729,3138,-1409,479,1099,synthetic,ECI_aggregate_estimate
PC119,Mizoram,Mizoram 56,6673,2785,3888,-1103,665,893,synthetic,ECI_aggregate_estimate
PC120,Sikkim,Sikkim 57,1995,972,1023,-51,220,484,synthetic,ECI_aggregate_estimate
PC121,Jammu and Kashmir,Jammu and Kashmir 58,1575,714,861,-147,191,195,synthetic,ECI_aggregate_estimate
PC122,Ladakh,Ladakh 59,5257,2316,2941,-625,661,786,synthetic,ECI_aggregate_estimate
PC123,Uttar Pradesh,Uttar Pradesh 60,4773,2298,2475,-177,414,562,synthetic,ECI_aggregate_estimate
PC124,Maharashtra,Maharashtra 61,3173,1825,1348,477,389,662,synthetic,ECI_aggregate_estimate
PC125,West Bengal,West Bengal 62,5301,2515,2786,-271,625,1108,synthetic,ECI_aggregate_estimate
PC126,Bihar,Bihar 63,5008,2385,2623,-238,534,1002,synthetic,ECI_aggregate_estimate
PC127,Madhya Pradesh,Madhya Pradesh 64,3395,2155,1240,915,479,824,synthetic,ECI_aggregate_estimate
PC128,Tamil Nadu,Tamil Nadu 65,2484,1026,1458,-432,152,540,synthetic,ECI_aggregate_estimate
PC129,Rajasthan,Rajasthan 66,3843,1601,2242,-641,568,794,synthetic,ECI_aggregate_estimate
PC130,Karnataka,Karnataka 67,5979,2184,3795,-1611,726,1210,synthetic,ECI_aggregate_estimate
PC131,Gujarat,Gujarat 68,3757,2322,1435,887,538,700,synthetic,ECI_aggregate_estimate
PC132,Andhra Pradesh,Andhra Pradesh 69,5587,3395,2192,1203,785,1332,synthetic,ECI_aggregate_estimate
PC133,Odisha,Odisha 70,5273,3307,1966,1341,444,936,synthetic,ECI_aggregate_estimate
PC134,Telangana,Telangana 71,3835,1737,2098,-361,540,483,synthetic,ECI_aggregate_estimate
PC135,Kerala,Kerala 72,4613,2430,2183,247,555,490,synthetic,ECI_aggregate_estimate
PC136,Jharkhand,Jharkhand 73,6542,3035,3507,-472,409,1267,synthetic,ECI_aggregate_estimate
PC137,Assam,Assam 74,6147,2750,3397,-647,562,784,synthetic,ECI_aggregate_estimate
PC138,Punjab,Punjab 75,6136,3899,2237,1662,329,1373,synthetic,ECI_aggregate_estimate
PC139,Chhattisgarh,Chhattisgarh 76,6399,2501,3898,-1397,484,1107,synthetic,ECI_aggregate_estimate
PC140,Haryana,Haryana 77,4496,2320,2176,144,588,653,synthetic,ECI_aggregate_estimate
PC141,Uttarakhand,Uttarakhand 78,4116,1570,2546,-976,310,1002,synthetic,ECI_aggregate_estimate
PC142,Himachal Pradesh,Himachal Pradesh 79,5250,2462,2788,-326,509,706,synthetic,ECI_aggregate_estimate
PC143,Tripura,Tripura 80,5252,2462,2790,-328,601,688,synthetic,ECI_aggregate_estimate
PC144,Meghalaya,Meghalaya 81,3478,1479,1999,-520,519,763,synthetic,ECI_aggregate_estimate
PC145,Manipur,Manipur 82,5730,2378,3352,-974,552,1306,synthetic,ECI_aggregate_estimate
PC146,Nagaland,Nagaland 83,5874,3289,2585,704,785,1434,synthetic,ECI_aggregate_estimate
PC147,Goa,Goa 84,1962,822,1140,-318,191,400,synthetic,ECI_aggregate_estimate
PC148,Arunachal Pradesh,Arunachal Pradesh 85,7343,3379,3964,-585,494,946,synthetic,ECI_aggregate_estimate
PC149,Mizoram,Mizoram 86,2668,1511,1157,354,320,477,synthetic,ECI_aggregate_estimate
PC150,Sikkim,Sikkim 87,6851,3953,2898,1055,836,1115,synthetic,ECI_aggregate_estimate
PC151,Jammu and Kashmir,Jammu and Kashmir 88,3639,1608,2031,-423,415,866,synthetic,ECI_aggregate_estimate
PC152,Ladakh,Ladakh 89,3477,1805,1672,133,400,685,synthetic,ECI_aggregate_estimate
PC153,Uttar Pradesh,Uttar Pradesh 90,5162,2727,2435,292,401,667,synthetic,ECI_aggregate_estimate
PC154,Maharashtra,Maharashtra 91,5747,3528,2219,1309,658,1304,synthetic,ECI_aggregate_estimate
PC155,West Bengal,West Bengal 92,3858,1774,2084,-310,435,835,synthetic,ECI_aggregate_estimate
PC156,Bihar,Bihar 93,6988,2854,4134,-1280,480,998,synthetic,ECI_aggregate_estimate
PC157,Madhya Pradesh,Madhya Pradesh 94,6449,3489,2960,529,350,1515,synthetic,ECI_aggregate_estimate
PC158,Tamil Nadu,Tamil Nadu 95,3206,2072,1134,938,346,689,synthetic,ECI_aggregate_estimate
PC159,Rajasthan,Rajasthan 96,5639,2142,3497,-1355,633,1222,synthetic,ECI_aggregate_estimate
PC160,Karnataka,Karnataka 97,2749,1475,1274,201,385,605,synthetic,ECI_aggregate_estimate
PC161,Gujarat,Gujarat 98,2858,1088,1770,-682,149,627,synthetic,ECI_aggregate_estimate
PC162,Andhra Pradesh,Andhra Pradesh 99,2003,825,1178,-353,138,342,synthetic,ECI_aggregate_estimate
PC163,Odisha,Odisha 100,6458,2950,3508,-558,792,1228,synthetic,ECI_aggregate_estimate
PC164,Telangana,Telangana 101,6704,3077,3627,-550,368,1078,synthetic,ECI_aggregate_estimate
PC165,Kerala,Kerala 102,6604,4226,2378,1848,398,937,synthetic,ECI_aggregate_estimate
PC166,Jharkhand,Jharkhand 103,6005,3802,2203,1599,880,1135,synthetic,ECI_aggregate_estimate
PC167,Assam,Assam 104,3504,1951,1553,398,508,600,synthetic,ECI_aggregate_estimate
PC168,Punjab,Punjab 105,3343,1461,1882,-421,478,470,synthetic,ECI_aggregate_estimate
PC169,Chhattisgarh,Chhattisgarh 106,5994,3554,2440,1114,364,734,synthetic,ECI_aggregate_estimate
PC170,Haryana,Haryana 107,5753,2406,3347,-941,775,1050,synthetic,ECI_aggregate_estimate
PC171,Uttarakhand,Uttarakhand 108,2278,1337,941,396,131,327,synthetic,ECI_aggregate_estimate
PC172,Himachal Pradesh,Himachal Pradesh 109,5391,2656,2735,-79,371,1094,synthetic,ECI_aggregate_estimate
PC173,Tripura,Tripura 110,6301,3096,3205,-109,897,639,synthetic,ECI_aggregate_estimate
PC174,Meghalaya,Meghalaya 111,6238,2599,3639,-1040,510,1226,synthetic,ECI_aggregate_estimate
PC175,Manipur,Manipur 112,6674,2844,3830,-986,590,1439,synthetic,ECI_aggregate_estimate
PC176,Nagaland,Nagaland 113,4808,2429,2379,50,499,974,synthetic,ECI_aggregate_estimate
PC177,Goa,Goa 114,5685,3468,2217,1251,538,917,synthetic,ECI_aggregate_estimate
PC178,Arunachal Pradesh,Arunachal Pradesh 115,3728,2341,1387,954,243,558,synthetic,ECI_aggregate_estimate
PC179,Mizoram,Mizoram 116,5467,2781,2686,95,440,729,synthetic,ECI_aggregate_estimate
PC180,Sikkim,Sikkim 117,2010,1077,933,144,124,427,synthetic,ECI_aggregate_estimate
PC181,Jammu and Kashmir,Jammu and Kashmir 118,4278,1891,2387,-496,369,754,synthetic,ECI_aggregate_estimate
PC182,Ladakh,Ladakh 119,5818,3257,2561,696,505,1165,synthetic,ECI_aggregate_estimate
PC183,Uttar Pradesh,Uttar Pradesh 120,6977,2843,4134,-1291,753,1048,synthetic,ECI_aggregate_estimate
PC184,Maharashtra,Maharashtra 121,2766,1608,1158,450,272,517,synthetic,ECI_aggregate_estimate
PC185,West Bengal,West Bengal 122,3960,1782,2178,-396,379,718,synthetic,ECI_aggregate_estimate
PC186,Bihar,Bihar 123,5157,2743,2414,329,684,520,synthetic,ECI_aggregate_estimate
PC187,Madhya Pradesh,Madhya Pradesh 124,4783,2391,2392,-1,569,621,synthetic,ECI_aggregate_estimate
PC188,Tamil Nadu,Tamil Nadu 125,5215,1856,3359,-1503,473,1198,synthetic,ECI_aggregate_estimate
PC189,Rajasthan,Rajasthan 126,7343,3594,3749,-155,391,1393,synthetic,ECI_aggregate_estimate
PC190,Karnataka,Karnataka 127,4975,2397,2578,-181,350,717,synthetic,ECI_aggregate_estimate
PC191,Gujarat,Gujarat 128,6532,3708,2824,884,402,901,synthetic,ECI_aggregate_estimate
PC192,Andhra Pradesh,Andhra Pradesh 129,2787,1208,1579,-371,379,301,synthetic,ECI_aggregate_estimate
PC193,Odisha,Odisha 130,6874,2881,3993,-1112,629,1455,synthetic,ECI_aggregate_estimate
PC194,Telangana,Telangana 131,1958,1071,887,184,234,384,synthetic,ECI_aggregate_estimate
PC195,Kerala,Kerala 132,5062,3130,1932,1198,321,581,synthetic,ECI_aggregate_estimate
PC196,Jharkhand,Jharkhand 133,4131,2528,1603,925,507,719,synthetic,ECI_aggregate_estimate
PC197,Assam,Assam 134,6175,3559,2616,943,894,1176,synthetic,ECI_aggregate_estimate
PC198,Punjab,Punjab 135,6885,4430,2455,1975,413,1330,synthetic,ECI_aggregate_estimate
PC199,Chhattisgarh,Chhattisgarh 136,4432,1978,2454,-476,337,914,synthetic,ECI_aggregate_estimate
PC200,Haryana,Haryana 137,4440,1592,2848,-1256,354,705,synthetic,ECI_aggregate_estimate
PC201,Uttarakhand,Uttarakhand 138,6417,3482,2935,547,757,1046,synthetic,ECI_aggregate_estimate
PC202,Himachal Pradesh,Himachal Pradesh 139,5457,3448,2009,1439,796,927,synthetic,ECI_aggregate_estimate
PC203,Tripura,Tripura 140,1605,686,919,-233,209,383,synthetic,ECI_aggregate_estimate
PC204,Meghalaya,Meghalaya 141,4152,2584,1568,1016,492,530,synthetic,ECI_aggregate_estimate
PC205,Manipur,Manipur 142,5829,3421,2408,1013,770,1206,synthetic,ECI_aggregate_estimate
PC206,Nagaland,Nagaland 143,6799,2751,4048,-1297,815,1141,synthetic,ECI_aggregate_estimate
PC207,Goa,Goa 144,2719,1480,1239,241,308,503,synthetic,ECI_aggregate_estimate
PC208,Arunachal Pradesh,Arunachal Pradesh 145,5796,2187,3609,-1422,700,1167,synthetic,ECI_aggregate_estimate
PC209,Mizoram,Mizoram 146,3879,1367,2512,-1145,358,824,synthetic,ECI_aggregate_estimate
PC210,Sikkim,Sikkim 147,2705,1210,1495,-285,302,542,synthetic,ECI_aggregate_estimate
PC211,Jammu and Kashmir,Jammu and Kashmir 148,5222,2035,3187,-1152,417,715,synthetic,ECI_aggregate_estimate
PC212,Ladakh,Ladakh 149,2687,1021,1666,-645,154,667,synthetic,ECI_aggregate_estimate
PC213,Uttar Pradesh,Uttar Pradesh 150,2516,1388,1128,260,205,368,synthetic,ECI_aggregate_estimate
PC214,Maharashtra,Maharashtra 151,6864,3406,3458,-52,510,1554,synthetic,ECI_aggregate_estimate
PC215,West Bengal,West Bengal 152,3693,2149,1544,605,197,509,synthetic,ECI_aggregate_estimate
PC216,Bihar,Bihar 153,5074,2451,2623,-172,633,1264,synthetic,ECI_aggregate_estimate
PC217,Madhya Pradesh,Madhya Pradesh 154,3181,1649,1532,117,260,423,synthetic,ECI_aggregate_estimate
PC218,Tamil Nadu,Tamil Nadu 155,4590,1725,2865,-1140,599,987,synthetic,ECI_aggregate_estimate
PC219,Rajasthan,Rajasthan 156,2469,1560,909,651,312,555,synthetic,ECI_aggregate_estimate
PC220,Karnataka,Karnataka 157,4408,1820,2588,-768,266,959,synthetic,ECI_aggregate_estimate
PC221,Gujarat,Gujarat 158,4420,2724,1696,1028,454,458,synthetic,ECI_aggregate_estimate
PC222,Andhra Pradesh,Andhra Pradesh 159,1532,553,979,-426,101,243,synthetic,ECI_aggregate_estimate
PC223,Odisha,Odisha 160,4425,2518,1907,611,655,749,synthetic,ECI_aggregate_estimate
PC224,Telangana,Telangana 161,3351,1363,1988,-625,408,343,synthetic,ECI_aggregate_estimate
PC225,Kerala,Kerala 162,3723,2249,1474,775,276,381,synthetic,ECI_aggregate_estimate
PC226,Jharkhand,Jharkhand 163,2521,1408,1113,295,321,271,synthetic,ECI_aggregate_estimate
PC227,Assam,Assam 164,1974,1062,912,150,204,277,synthetic,ECI_aggregate_estimate
PC228,Punjab,Punjab 165,4907,2426,2481,-55,322,1174,synthetic,ECI_aggregate_estimate
PC229,Chhattisgarh,Chhattisgarh 166,2960,1779,1181,598,402,400,synthetic,ECI_aggregate_estimate
PC230,Haryana,Haryana 167,3980,1770,2210,-440,517,726,synthetic,ECI_aggregate_estimate
PC231,Uttarakhand,Uttarakhand 168,1706,852,854,-2,205,187,synthetic,ECI_aggregate_estimate
PC232,Himachal Pradesh,Himachal Pradesh 169,2655,1425,1230,195,218,345,synthetic,ECI_aggregate_estimate
PC233,Tripura,Tripura 170,2293,865,1428,-563,130,286,synthetic,ECI_aggregate_estimate
PC234,Meghalaya,Meghalaya 171,5369,2780,2589,191,268,854,synthetic,ECI_aggregate_estimate
PC235,Manipur,Manipur 172,5374,2401,2973,-572,642,1165,synthetic,ECI_aggregate_estimate
PC236,Nagaland,Nagaland 173,6948,3774,3174,600,931,1095,synthetic,ECI_aggregate_estimate
PC237,Goa,Goa 174,2503,1045,1458,-413,146,298,synthetic,ECI_aggregate_estimate
PC238,Arunachal Pradesh,Arunachal Pradesh 175,7348,3122,4226,-1104,623,1112,synthetic,ECI_aggregate_estimate
PC239,Mizoram,Mizoram 176,6874,2459,4415,-1956,1027,1233,synthetic,ECI_aggregate_estimate
PC240,Sikkim,Sikkim 177,2551,1002,1549,-547,201,551,synthetic,ECI_aggregate_estimate
PC241,Jammu and Kashmir,Jammu and Kashmir 178,1753,951,802,149,137,268,synthetic,ECI_aggregate_estimate
PC242,Ladakh,Ladakh 179,1590,654,936,-282,120,260,synthetic,ECI_aggregate_estimate
PC243,Uttar Pradesh,Uttar Pradesh 180,4115,1615,2500,-885,301,1002,synthetic,ECI_aggregate_estimate
PC244,Maharashtra,Maharashtra 181,4796,2917,1879,1038,557,748,synthetic,ECI_aggregate_estimate
PC245,West Bengal,West Bengal 182,5944,3365,2579,786,823,939,synthetic,ECI_aggregate_estimate
PC246,Bihar,Bihar 183,4235,2507,1728,779,460,985,synthetic,ECI_aggregate_estimate
PC247,Madhya Pradesh,Madhya Pradesh 184,5211,1906,3305,-1399,324,895,synthetic,ECI_aggregate_estimate
PC248,Tamil Nadu,Tamil Nadu 185,4967,3040,1927,1113,364,964,synthetic,ECI_aggregate_estimate
PC249,Rajasthan,Rajasthan 186,2383,1458,925,533,197,469,synthetic,ECI_aggregate_estimate
PC250,Karnataka,Karnataka 187,5046,1808,3238,-1430,345,911,synthetic,ECI_aggregate_estimate
PC251,Gujarat,Gujarat 188,5658,2056,3602,-1546,299,768,synthetic,ECI_aggregate_estimate
PC252,Andhra Pradesh,Andhra Pradesh 189,4372,2642,1730,912,489,974,synthetic,ECI_aggregate_estimate
PC253,Odisha,Odisha 190,1857,752,1105,-353,269,456,synthetic,ECI_aggregate_estimate
PC254,Telangana,Telangana 191,2839,1573,1266,307,256,667,synthetic,ECI_aggregate_estimate
PC255,Kerala,Kerala 192,7339,4325,3014,1311,416,1553,synthetic,ECI_aggregate_estimate
PC256,Jharkhand,Jharkhand 193,3901,1987,1914,73,264,697,synthetic,ECI_aggregate_estimate
PC257,Assam,Assam 194,1475,712,763,-51,152,200,synthetic,ECI_aggregate_estimate
PC258,Punjab,Punjab 195,6495,2553,3942,-1389,488,1431,synthetic,ECI_aggregate_estimate
PC259,Chhattisgarh,Chhattisgarh 196,3459,1842,1617,225,271,599,synthetic,ECI_aggregate_estimate
PC260,Haryana,Haryana 197,4343,1520,2823,-1303,288,845,synthetic,ECI_aggregate_estimate
PC261,Uttarakhand,Uttarakhand 198,2484,1207,1277,-70,160,592,synthetic,ECI_aggregate_estimate
PC262,Himachal Pradesh,Himachal Pradesh 199,3729,2075,1654,421,238,854,synthetic,ECI_aggregate_estimate
PC263,Tripura,Tripura 200,3375,1441,1934,-493,400,415,synthetic,ECI_aggregate_estimate
PC264,Meghalaya,Meghalaya 201,2049,981,1068,-87,112,399,synthetic,ECI_aggregate_estimate
PC265,Manipur,Manipur 202,3565,1925,1640,285,477,528,synthetic,ECI_aggregate_estimate
PC266,Nagaland,Nagaland 203,7287,3041,4246,-1205,469,909,synthetic,ECI_aggregate_estimate
PC267,Goa,Goa 204,6415,3946,2469,1477,378,1294,synthetic,ECI_aggregate_estimate
PC268,Arunachal Pradesh,Arunachal Pradesh 205,2334,906,1428,-522,347,361,synthetic,ECI_aggregate_estimate
PC269,Mizoram,Mizoram 206,6718,3027,3691,-664,592,1677,synthetic,ECI_aggregate_estimate
PC270,Sikkim,Sikkim 207,4394,2477,1917,560,467,687,synthetic,ECI_aggregate_estimate
PC271,Jammu and Kashmir,Jammu and Kashmir 208,6271,3260,3011,249,585,733,synthetic,ECI_aggregate_estimate
PC272,Ladakh,Ladakh 209,7277,3597,3680,-83,1046,1510,synthetic,ECI_aggregate_estimate
PC273,Uttar Pradesh,Uttar Pradesh 210,1817,744,1073,-329,237,229,synthetic,ECI_aggregate_estimate
PC274,Maharashtra,Maharashtra 211,2435,1329,1106,223,322,468,synthetic,ECI_aggregate_estimate
PC275,West Bengal,West Bengal 212,5247,2130,3117,-987,704,1209,synthetic,ECI_aggregate_estimate
PC276,Bihar,Bihar 213,1683,664,1019,-355,245,410,synthetic,ECI_aggregate_estimate
PC277,Madhya Pradesh,Madhya Pradesh 214,4167,2166,2001,165,618,445,synthetic,ECI_aggregate_estimate
PC278,Tamil Nadu,Tamil Nadu 215,5213,2524,2689,-165,620,775,synthetic,ECI_aggregate_estimate
PC279,Rajasthan,Rajasthan 216,3739,1628,2111,-483,420,642,synthetic,ECI_aggregate_estimate
PC280,Karnataka,Karnataka 217,2788,1182,1606,-424,227,533,synthetic,ECI_aggregate_estimate
PC281,Gujarat,Gujarat 218,2201,1422,779,643,247,336,synthetic,ECI_aggregate_estimate
PC282,Andhra Pradesh,Andhra Pradesh 219,4066,2203,1863,340,363,915,synthetic,ECI_aggregate_estimate
PC283,Odisha,Odisha 220,6711,2881,3830,-949,832,1030,synthetic,ECI_aggregate_estimate
PC284,Telangana,Telangana 221,4233,2692,1541,1151,597,586,synthetic,ECI_aggregate_estimate
PC285,Kerala,Kerala 222,2853,1160,1693,-533,300,544,synthetic,ECI_aggregate_estimate
PC286,Jharkhand,Jharkhand 223,7209,3521,3688,-167,767,875,synthetic,ECI_aggregate_estimate
PC287,Assam,Assam 224,3100,1458,1642,-184,362,746,synthetic,ECI_aggregate_estimate
PC288,Punjab,Punjab 225,3630,1978,1652,326,362,769,synthetic,ECI_aggregate_estimate
PC289,Chhattisgarh,Chhattisgarh 226,2562,1263,1299,-36,170,421,synthetic,ECI_aggregate_estimate
PC290,Haryana,Haryana 227,3314,1704,1610,94,305,344,synthetic,ECI_aggregate_estimate
PC291,Uttarakhand,Uttarakhand 228,5523,2219,3304,-1085,507,1002,synthetic,ECI_aggregate_estimate
PC292,Himachal Pradesh,Himachal Pradesh 229,6780,2976,3804,-828,360,1556,synthetic,ECI_aggregate_estimate
PC293,Tripura,Tripura 230,6488,3609,2879,730,893,1212,synthetic,ECI_aggregate_estimate
PC294,Meghalaya,Meghalaya 231,6126,3702,2424,1278,900,1021,synthetic,ECI_aggregate_estimate
PC295,Manipur,Manipur 232,6611,2895,3716,-821,702,1483,synthetic,ECI_aggregate_estimate
PC296,Nagaland,Nagaland 233,3632,2221,1411,810,301,690,synthetic,ECI_aggregate_estimate
PC297,Goa,Goa 234,5899,3596,2303,1293,546,1403,synthetic,ECI_aggregate_estimate
PC298,Arunachal Pradesh,Arunachal Pradesh 235,5882,2878,3004,-126,401,1414,synthetic,ECI_aggregate_estimate
PC299,Mizoram,Mizoram 236,6421,2592,3829,-1237,550,1118,synthetic,ECI_aggregate_estimate
PC300,Sikkim,Sikkim 237,3677,2270,1407,863,485,813,synthetic,ECI_aggregate_estimate
PC301,Jammu and Kashmir,Jammu and Kashmir 238,2002,1147,855,292,214,486,synthetic,ECI_aggregate_estimate
PC302,Ladakh,Ladakh 239,6800,2650,4150,-1500,491,745,synthetic,ECI_aggregate_estimate
PC303,Uttar Pradesh,Uttar Pradesh 240,7060,4004,3056,948,611,762,synthetic,ECI_aggregate_estimate
PC304,Maharashtra,Maharashtra 241,7318,4014,3304,710,682,1354,synthetic,ECI_aggregate_estimate
PC305,West Bengal,West Bengal 242,4180,2423,1757,666,557,1018,synthetic,ECI_aggregate_estimate
PC306,Bihar,Bihar 243,4049,2567,1482,1085,588,770,synthetic,ECI_aggregate_estimate
PC307,Madhya Pradesh,Madhya Pradesh 244,6285,3965,2320,1645,737,1375,synthetic,ECI_aggregate_estimate
PC308,Tamil Nadu,Tamil Nadu 245,2793,1179,1614,-435,230,371,synthetic,ECI_aggregate_estimate
PC309,Rajasthan,Rajasthan 246,1714,770,944,-174,109,377,synthetic,ECI_aggregate_estimate
PC310,Karnataka,Karnataka 247,6175,2779,3396,-617,698,1330,synthetic,ECI_aggregate_estimate
PC311,Gujarat,Gujarat 248,5359,2029,3330,-1301,630,716,synthetic,ECI_aggregate_estimate
PC312,Andhra Pradesh,Andhra Pradesh 249,7266,4525,2741,1784,629,1548,synthetic,ECI_aggregate_estimate
PC313,Odisha,Odisha 250,3116,1408,1708,-300,203,579,synthetic,ECI_aggregate_estimate
PC314,Telangana,Telangana 251,3584,2266,1318,948,370,455,synthetic,ECI_aggregate_estimate
PC315,Kerala,Kerala 252,2853,1278,1575,-297,298,299,synthetic,ECI_aggregate_estimate
PC316,Jharkhand,Jharkhand 253,6126,2261,3865,-1604,482,805,synthetic,ECI_aggregate_estimate
PC317,Assam,Assam 254,6687,3908,2779,1129,687,767,synthetic,ECI_aggregate_estimate
PC318,Punjab,Punjab 255,7069,4149,2920,1229,534,1608,synthetic,ECI_aggregate_estimate
PC319,Chhattisgarh,Chhattisgarh 256,7259,4314,2945,1369,817,787,synthetic,ECI_aggregate_estimate
PC320,Haryana,Haryana 257,6569,2627,3942,-1315,626,766,synthetic,ECI_aggregate_estimate
PC321,Uttarakhand,Uttarakhand 258,4332,2598,1734,864,267,942,synthetic,ECI_aggregate_estimate
PC322,Himachal Pradesh,Himachal Pradesh 259,3055,1126,1929,-803,432,730,synthetic,ECI_aggregate_estimate
PC323,Tripura,Tripura 260,4658,2564,2094,470,265,811,synthetic,ECI_aggregate_estimate
PC324,Meghalaya,Meghalaya 261,3490,2227,1263,964,425,541,synthetic,ECI_aggregate_estimate
PC325,Manipur,Manipur 262,4784,2989,1795,1194,710,969,synthetic,ECI_aggregate_estimate
PC326,Nagaland,Nagaland 263,6876,3952,2924,1028,436,1343,synthetic,ECI_aggregate_estimate
PC327,Goa,Goa 264,5792,2518,3274,-756,427,1037,synthetic,ECI_aggregate_estimate
PC328,Arunachal Pradesh,Arunachal Pradesh 265,3095,1639,1456,183,376,502,synthetic,ECI_aggregate_estimate
PC329,Mizoram,Mizoram 266,2147,1328,819,509,250,461,synthetic,ECI_aggregate_estimate
PC330,Sikkim,Sikkim 267,6467,2278,4189,-1911,617,1435,synthetic,ECI_aggregate_estimate
PC331,Jammu and Kashmir,Jammu and Kashmir 268,7076,4511,2565,1946,444,1335,synthetic,ECI_aggregate_estimate
PC332,Ladakh,Ladakh 269,6285,3593,2692,901,861,656,synthetic,ECI_aggregate_estimate
PC333,Uttar Pradesh,Uttar Pradesh 270,1859,846,1013,-167,229,211,synthetic,ECI_aggregate_estimate
PC334,Maharashtra,Maharashtra 271,7077,3487,3590,-103,535,1748,synthetic,ECI_aggregate_estimate
PC335,West Bengal,West Bengal 272,4510,1711,2799,-1088,320,677,synthetic,ECI_aggregate_estimate
PC336,Bihar,Bihar 273,7309,4304,3005,1299,576,761,synthetic,ECI_aggregate_estimate
PC337,Madhya Pradesh,Madhya Pradesh 274,1843,1156,687,469,93,307,synthetic,ECI_aggregate_estimate
PC338,Tamil Nadu,Tamil Nadu 275,6876,4442,2434,2008,576,1448,synthetic,ECI_aggregate_estimate
PC339,Rajasthan,Rajasthan 276,4765,2523,2242,281,556,1160,synthetic,ECI_aggregate_estimate
PC340,Karnataka,Karnataka 277,3588,2267,1321,946,513,637,synthetic,ECI_aggregate_estimate
PC341,Gujarat,Gujarat 278,4825,2537,2288,249,383,676,synthetic,ECI_aggregate_estimate
PC342,Andhra Pradesh,Andhra Pradesh 279,5472,2419,3053,-634,315,1259,synthetic,ECI_aggregate_estimate
PC343,Odisha,Odisha 280,5152,2363,2789,-426,375,677,synthetic,ECI_aggregate_estimate
PC344,Telangana,Telangana 281,5475,3021,2454,567,535,1244,synthetic,ECI_aggregate_estimate
PC345,Kerala,Kerala 282,7330,4322,3008,1314,659,1316,synthetic,ECI_aggregate_estimate
PC346,Jharkhand,Jharkhand 283,6143,3772,2371,1401,513,702,synthetic,ECI_aggregate_estimate
PC347,Assam,Assam 284,6017,3041,2976,65,336,1081,synthetic,ECI_aggregate_estimate
PC348,Punjab,Punjab 285,5395,1949,3446,-1497,666,727,synthetic,ECI_aggregate_estimate
PC349,Chhattisgarh,Chhattisgarh 286,2157,1003,1154,-151,219,288,synthetic,ECI_aggregate_estimate
PC350,Haryana,Haryana 287,5094,2132,2962,-830,647,724,synthetic,ECI_aggregate_estimate
PC351,Uttarakhand,Uttarakhand 288,4077,1844,2233,-389,331,586,synthetic,ECI_aggregate_estimate
PC352,Himachal Pradesh,Himachal Pradesh 289,4341,2748,1593,1155,411,590,synthetic,ECI_aggregate_estimate
PC353,Tripura,Tripura 290,3863,1565,2298,-733,292,729,synthetic,ECI_aggregate_estimate
PC354,Meghalaya,Meghalaya 291,6863,3553,3310,243,594,1275,synthetic,ECI_aggregate_estimate
PC355,Manipur,Manipur 292,6034,3379,2655,724,626,661,synthetic,ECI_aggregate_estimate
PC356,Nagaland,Nagaland 293,2385,1167,1218,-51,277,324,synthetic,ECI_aggregate_estimate
PC357,Goa,Goa 294,4108,2548,1560,988,555,649,synthetic,ECI_aggregate_estimate
PC358,Arunachal Pradesh,Arunachal Pradesh 295,1521,961,560,401,175,348,synthetic,ECI_aggregate_estimate
PC359,Mizoram,Mizoram 296,6117,2823,3294,-471,882,1169,synthetic,ECI_aggregate_estimate
PC360,Sikkim,Sikkim 297,2078,948,1130,-182,175,405,synthetic,ECI_aggregate_estimate
PC361,Jammu and Kashmir,Jammu and Kashmir 298,5156,2783,2373,410,513,868,synthetic,ECI_aggregate_estimate
PC362,Ladakh,Ladakh 299,6688,3252,3436,-184,702,897,synthetic,ECI_aggregate_estimate
PC363,Uttar Pradesh,Uttar Pradesh 300,2655,1351,1304,47,263,347,synthetic,ECI_aggregate_estimate
PC364,Maharashtra,Maharashtra 301,4488,2513,1975,538,245,918,synthetic,ECI_aggregate_estimate
PC365,West Bengal,West Bengal 302,4834,2138,2696,-558,305,1124,synthetic,ECI_aggregate_estimate
PC366,Bihar,Bihar 303,4364,1679,2685,-1006,453,899,synthetic,ECI_aggregate_estimate
PC367,Madhya Pradesh,Madhya Pradesh 304,5109,3116,1993,1123,600,843,synthetic,ECI_aggregate_estimate
PC368,Tamil Nadu,Tamil Nadu 305,6923,4072,2851,1221,568,1083,synthetic,ECI_aggregate_estimate
PC369,Rajasthan,Rajasthan 306,6129,2975,3154,-179,724,995,synthetic,ECI_aggregate_estimate
PC370,Karnataka,Karnataka 307,6748,3474,3274,200,481,1155,synthetic,ECI_aggregate_estimate
PC371,Gujarat,Gujarat 308,2363,1468,895,573,316,555,synthetic,ECI_aggregate_estimate
PC372,Andhra Pradesh,Andhra Pradesh 309,4849,2188,2661,-473,697,644,synthetic,ECI_aggregate_estimate
PC373,Odisha,Odisha 310,6876,4352,2524,1828,367,1109,synthetic,ECI_aggregate_estimate
PC374,Telangana,Telangana 311,4634,2453,2181,272,631,665,synthetic,ECI_aggregate_estimate
PC375,Kerala,Kerala 312,2707,1560,1147,413,201,660,synthetic,ECI_aggregate_estimate
PC376,Jharkhand,Jharkhand 313,5459,3389,2070,1319,338,632,synthetic,ECI_aggregate_estimate
PC377,Assam,Assam 314,1648,824,824,0,105,244,synthetic,ECI_aggregate_estimate
PC378,Punjab,Punjab 315,4395,1943,2452,-509,252,810,synthetic,ECI_aggregate_estimate
PC379,Chhattisgarh,Chhattisgarh 316,6578,3276,3302,-26,674,1377,synthetic,ECI_aggregate_estimate
PC380,Haryana,Haryana 317,2908,1717,1191,526,226,367,synthetic,ECI_aggregate_estimate
PC381,Uttarakhand,Uttarakhand 318,2810,1059,1751,-692,349,362,synthetic,ECI_aggregate_estimate
PC382,Himachal Pradesh,Himachal Pradesh 319,6074,2156,3918,-1762,558,723,synthetic,ECI_aggregate_estimate
PC383,Tripura,Tripura 320,6911,2925,3986,-1061,483,1471,synthetic,ECI_aggregate_estimate
PC384,Meghalaya,Meghalaya 321,5346,3101,2245,856,638,985,synthetic,ECI_aggregate_estimate
PC385,Manipur,Manipur 322,6264,2525,3739,-1214,620,1319,synthetic,ECI_aggregate_estimate
PC386,Nagaland,Nagaland 323,4697,1938,2759,-821,576,670,synthetic,ECI_aggregate_estimate
PC387,Goa,Goa 324,6668,2748,3920,-1172,418,1029,synthetic,ECI_aggregate_estimate
PC388,Arunachal Pradesh,Arunachal Pradesh 325,6411,4116,2295,1821,578,837,synthetic,ECI_aggregate_estimate
PC389,Mizoram,Mizoram 326,5678,3643,2035,1608,609,737,synthetic,ECI_aggregate_estimate
PC390,Sikkim,Sikkim 327,1899,791,1108,-317,161,418,synthetic,ECI_aggregate_estimate
PC391,Jammu and Kashmir,Jammu and Kashmir 328,5019,2885,2134,751,638,1173,synthetic,ECI_aggregate_estimate
PC392,Ladakh,Ladakh 329,5225,3347,1878,1469,271,1274,synthetic,ECI_aggregate_estimate
PC393,Uttar Pradesh,Uttar Pradesh 330,6172,3703,2469,1234,512,1543,synthetic,ECI_aggregate_estimate
PC394,Maharashtra,Maharashtra 331,5324,3214,2110,1104,542,1245,synthetic,ECI_aggregate_estimate
PC395,West Bengal,West Bengal 332,4546,2255,2291,-36,628,888,synthetic,ECI_aggregate_estimate
PC396,Bihar,Bihar 333,4808,2747,2061,686,338,980,synthetic,ECI_aggregate_estimate
PC397,Madhya Pradesh,Madhya Pradesh 334,3780,2228,1552,676,532,464,synthetic,ECI_aggregate_estimate
PC398,Tamil Nadu,Tamil Nadu 335,6930,4111,2819,1292,455,1190,synthetic,ECI_aggregate_estimate
PC399,Rajasthan,Rajasthan 336,2082,1257,825,432,309,329,synthetic,ECI_aggregate_estimate
PC400,Karnataka,Karnataka 337,2188,1050,1138,-88,267,254,synthetic,ECI_aggregate_estimate
PC401,Gujarat,Gujarat 338,2752,1468,1284,184,165,635,synthetic,ECI_aggregate_estimate
PC402,Andhra Pradesh,Andhra Pradesh 339,2609,984,1625,-641,176,261,synthetic,ECI_aggregate_estimate
PC403,Odisha,Odisha 340,5019,2182,2837,-655,448,829,synthetic,ECI_aggregate_estimate
PC404,Telangana,Telangana 341,6596,3371,3225,146,531,1384,synthetic,ECI_aggregate_estimate
PC405,Kerala,Kerala 342,5530,3489,2041,1448,338,1006,synthetic,ECI_aggregate_estimate
PC406,Jharkhand,Jharkhand 343,2987,1783,1204,579,250,432,synthetic,ECI_aggregate_estimate
PC407,Assam,Assam 344,2651,1624,1027,597,170,361,synthetic,ECI_aggregate_estimate
PC408,Punjab,Punjab 345,3005,1407,1598,-191,301,607,synthetic,ECI_aggregate_estimate
PC409,Chhattisgarh,Chhattisgarh 346,4850,2318,2532,-214,664,838,synthetic,ECI_aggregate_estimate
PC410,Haryana,Haryana 347,3445,1318,2127,-809,300,632,synthetic,ECI_aggregate_estimate
PC411,Uttarakhand,Uttarakhand 348,2794,1402,1392,10,169,596,synthetic,ECI_aggregate_estimate
PC412,Himachal Pradesh,Himachal Pradesh 349,4996,3213,1783,1430,594,589,synthetic,ECI_aggregate_estimate
PC413,Tripura,Tripura 350,4081,1681,2400,-719,495,676,synthetic,ECI_aggregate_estimate
PC414,Meghalaya,Meghalaya 351,4086,1661,2425,-764,393,919,synthetic,ECI_aggregate_estimate
PC415,Manipur,Manipur 352,3932,1377,2555,-1178,293,626,synthetic,ECI_aggregate_estimate
PC416,Nagaland,Nagaland 353,6283,3418,2865,553,790,1529,synthetic,ECI_aggregate_estimate
PC417,Goa,Goa 354,5254,2554,2700,-146,737,988,synthetic,ECI_aggregate_estimate
PC418,Arunachal Pradesh,Arunachal Pradesh 355,2723,1168,1555,-387,148,343,synthetic,ECI_aggregate_estimate
PC419,Mizoram,Mizoram 356,4067,2197,1870,327,425,582,synthetic,ECI_aggregate_estimate
PC420,Sikkim,Sikkim 357,2710,1748,962,786,376,347,synthetic,ECI_aggregate_estimate
PC421,Jammu and Kashmir,Jammu and Kashmir 358,3692,1843,1849,-6,265,679,synthetic,ECI_aggregate_estimate
PC422,Ladakh,Ladakh 359,5973,2962,3011,-49,809,1040,synthetic,ECI_aggregate_estimate
PC423,Uttar Pradesh,Uttar Pradesh 360,5037,2740,2297,443,305,571,synthetic,ECI_aggregate_estimate
PC424,Maharashtra,Maharashtra 361,4121,1617,2504,-887,471,918,synthetic,ECI_aggregate_estimate
PC425,West Bengal,West Bengal 362,3245,2067,1178,889,485,405,synthetic,ECI_aggregate_estimate
PC426,Bihar,Bihar 363,4246,2213,2033,180,274,1037,synthetic,ECI_aggregate_estimate
PC427,Madhya Pradesh,Madhya Pradesh 364,2533,927,1606,-679,311,444,synthetic,ECI_aggregate_estimate
PC428,Tamil Nadu,Tamil Nadu 365,7113,2552,4561,-2009,419,747,synthetic,ECI_aggregate_estimate
PC429,Rajasthan,Rajasthan 366,5135,2119,3016,-897,590,1217,synthetic,ECI_aggregate_estimate
PC430,Karnataka,Karnataka 367,3385,1854,1531,323,338,695,synthetic,ECI_aggregate_estimate
PC431,Gujarat,Gujarat 368,3065,1410,1655,-245,270,668,synthetic,ECI_aggregate_estimate
PC432,Andhra Pradesh,Andhra Pradesh 369,6329,3395,2934,461,892,1113,synthetic,ECI_aggregate_estimate
PC433,Odisha,Odisha 370,1631,656,975,-319,118,322,synthetic,ECI_aggregate_estimate
PC434,Telangana,Telangana 371,4107,2423,1684,739,513,682,synthetic,ECI_aggregate_estimate
PC435,Kerala,Kerala 372,2021,1187,834,353,171,275,synthetic,ECI_aggregate_estimate
PC436,Jharkhand,Jharkhand 373,4453,1856,2597,-741,223,780,synthetic,ECI_aggregate_estimate
PC437,Assam,Assam 374,4390,2568,1822,746,382,935,synthetic,ECI_aggregate_estimate
PC438,Punjab,Punjab 375,4046,2578,1468,1110,507,527,synthetic,ECI_aggregate_estimate
PC439,Chhattisgarh,Chhattisgarh 376,3894,2303,1591,712,452,678,synthetic,ECI_aggregate_estimate
PC440,Haryana,Haryana 377,3506,1838,1668,170,308,559,synthetic,ECI_aggregate_estimate
PC441,Uttarakhand,Uttarakhand 378,2653,1002,1651,-649,347,305,synthetic,ECI_aggregate_estimate
PC442,Himachal Pradesh,Himachal Pradesh 379,4492,2693,1799,894,544,840,synthetic,ECI_aggregate_estimate
PC443,Tripura,Tripura 380,6021,3346,2675,671,581,1068,synthetic,ECI_aggregate_estimate
PC444,Meghalaya,Meghalaya 381,3733,1741,1992,-251,269,504,synthetic,ECI_aggregate_estimate
PC445,Manipur,Manipur 382,4117,2512,1605,907,487,899,synthetic,ECI_aggregate_estimate
PC446,Nagaland,Nagaland 383,4494,1949,2545,-596,505,475,synthetic,ECI_aggregate_estimate
PC447,Goa,Goa 384,6624,3951,2673,1278,958,1518,synthetic,ECI_aggregate_estimate
PC448,Arunachal Pradesh,Arunachal Pradesh 385,1755,742,1013,-271,97,436,synthetic,ECI_aggregate_estimate
PC449,Mizoram,Mizoram 386,1930,717,1213,-496,131,270,synthetic,ECI_aggregate_estimate
PC450,Sikkim,Sikkim 387,2310,1338,972,366,308,415,synthetic,ECI_aggregate_estimate
PC451,Jammu and Kashmir,Jammu and Kashmir 388,4398,1902,2496,-594,394,510,synthetic,ECI_aggregate_estimate
PC452,Ladakh,Ladakh 389,5507,2891,2616,275,680,1261,synthetic,ECI_aggregate_estimate
PC453,Uttar Pradesh,Uttar Pradesh 390,2742,1611,1131,480,218,333,synthetic,ECI_aggregate_estimate
PC454,Maharashtra,Maharashtra 391,3609,1647,1962,-315,465,384,synthetic,ECI_aggregate_estimate
PC455,West Bengal,West Bengal 392,1902,1207,695,512,105,302,synthetic,ECI_aggregate_estimate
PC456,Bihar,Bihar 393,3378,1729,1649,80,331,502,synthetic,ECI_aggregate_estimate
PC457,Madhya Pradesh,Madhya Pradesh 394,4647,1953,2694,-741,484,488,synthetic,ECI_aggregate_estimate
PC458,Tamil Nadu,Tamil Nadu 395,6958,4438,2520,1918,950,768,synthetic,ECI_aggregate_estimate
PC459,Rajasthan,Rajasthan 396,3183,1447,1736,-289,200,615,synthetic,ECI_aggregate_estimate
PC460,Karnataka,Karnataka 397,4488,1913,2575,-662,332,603,synthetic,ECI_aggregate_estimate
PC461,Gujarat,Gujarat 398,5865,2346,3519,-1173,862,969,synthetic,ECI_aggregate_estimate
PC462,Andhra Pradesh,Andhra Pradesh 399,5658,3260,2398,862,544,907,synthetic,ECI_aggregate_estimate
PC463,Odisha,Odisha 400,3076,1266,1810,-544,214,640,synthetic,ECI_aggregate_estimate
PC464,Telangana,Telangana 401,3810,2278,1532,746,498,905,synthetic,ECI_aggregate_estimate
PC465,Kerala,Kerala 402,4796,1738,3058,-1320,650,588,synthetic,ECI_aggregate_estimate
PC466,Jharkhand,Jharkhand 403,3157,1108,2049,-941,460,733,synthetic,ECI_aggregate_estimate
PC467,Assam,Assam 404,3958,2256,1702,554,528,630,synthetic,ECI_aggregate_estimate
PC468,Punjab,Punjab 405,6116,3931,2185,1746,317,832,synthetic,ECI_aggregate_estimate
PC469,Chhattisgarh,Chhattisgarh 406,2955,1081,1874,-793,345,663,synthetic,ECI_aggregate_estimate
PC470,Haryana,Haryana 407,4154,1760,2394,-634,458,906,synthetic,ECI_aggregate_estimate
PC471,Uttarakhand,Uttarakhand 408,6067,2443,3624,-1181,382,1237,synthetic,ECI_aggregate_estimate
PC472,Himachal Pradesh,Himachal Pradesh 409,2351,1492,859,633,119,375,synthetic,ECI_aggregate_estimate
PC473,Tripura,Tripura 410,1473,736,737,-1,218,187,synthetic,ECI_aggregate_estimate
PC474,Meghalaya,Meghalaya 411,2269,1233,1036,197,221,416,synthetic,ECI_aggregate_estimate
PC475,Manipur,Manipur 412,2096,1348,748,600,301,226,synthetic,ECI_aggregate_estimate
PC476,Nagaland,Nagaland 413,2456,1196,1260,-64,360,349,synthetic,ECI_aggregate_estimate
PC477,Goa,Goa 414,2458,1468,990,478,150,289,synthetic,ECI_aggregate_estimate
PC478,Arunachal Pradesh,Arunachal Pradesh 415,3396,1230,2166,-936,180,698,synthetic,ECI_aggregate_estimate
PC479,Mizoram,Mizoram 416,6086,2692,3394,-702,524,674,synthetic,ECI_aggregate_estimate
PC480,Sikkim,Sikkim 417,4729,2091,2638,-547,490,914,synthetic,ECI_aggregate_estimate
PC481,Jammu and Kashmir,Jammu and Kashmir 418,5288,2765,2523,242,309,1200,synthetic,ECI_aggregate_estimate
PC482,Ladakh,Ladakh 419,1989,985,1004,-19,283,443,synthetic,ECI_aggregate_estimate
PC483,Uttar Pradesh,Uttar Pradesh 420,3133,1317,1816,-499,385,727,synthetic,ECI_aggregate_estimate
PC484,Maharashtra,Maharashtra 421,1488,594,894,-300,185,291,synthetic,ECI_aggregate_estimate
PC485,West Bengal,West Bengal 422,7231,2859,4372,-1513,409,1309,synthetic,ECI_aggregate_estimate
PC486,Bihar,Bihar 423,4455,2583,1872,711,642,928,synthetic,ECI_aggregate_estimate
PC487,Madhya Pradesh,Madhya Pradesh 424,5934,2251,3683,-1432,860,1146,synthetic,ECI_aggregate_estimate
PC488,Tamil Nadu,Tamil Nadu 425,2666,1137,1529,-392,222,563,synthetic,ECI_aggregate_estimate
PC489,Rajasthan,Rajasthan 426,4764,1735,3029,-1294,630,775,synthetic,ECI_aggregate_estimate
PC490,Karnataka,Karnataka 427,2682,1415,1267,148,355,312,synthetic,ECI_aggregate_estimate
PC491,Gujarat,Gujarat 428,6405,2793,3612,-819,687,1300,synthetic,ECI_aggregate_estimate
PC492,Andhra Pradesh,Andhra Pradesh 429,5295,3038,2257,781,615,1047,synthetic,ECI_aggregate_estimate
PC493,Odisha,Odisha 430,6593,3645,2948,697,976,1510,synthetic,ECI_aggregate_estimate
PC494,Telangana,Telangana 431,2779,1660,1119,541,340,318,synthetic,ECI_aggregate_estimate
PC495,Kerala,Kerala 432,4905,3035,1870,1165,247,750,synthetic,ECI_aggregate_estimate
PC496,Jharkhand,Jharkhand 433,5982,3321,2661,660,641,1098,synthetic,ECI_aggregate_estimate
PC497,Assam,Assam 434,2430,1397,1033,364,360,445,synthetic,ECI_aggregate_estimate
PC498,Punjab,Punjab 435,5758,3136,2622,514,704,1279,synthetic,ECI_aggregate_estimate
PC499,Chhattisgarh,Chhattisgarh 436,2344,1407,937,470,346,330,synthetic,ECI_aggregate_estimate
PC500,Haryana,Haryana 437,7340,4453,2887,1566,440,1361,synthetic,ECI_aggregate_estimate
PC501,Uttarakhand,Uttarakhand 438,3454,1583,1871,-288,269,369,synthetic,ECI_aggregate_estimate
PC502,Himachal Pradesh,Himachal Pradesh 439,1605,661,944,-283,98,177,synthetic,ECI_aggregate_estimate
PC503,Tripura,Tripura 440,3549,2009,1540,469,360,766,synthetic,ECI_aggregate_estimate
PC504,Meghalaya,Meghalaya 441,1559,665,894,-229,172,208,synthetic,ECI_aggregate_estimate
PC505,Manipur,Manipur 442,3961,2524,1437,1087,449,428,synthetic,ECI_aggregate_estimate
PC506,Nagaland,Nagaland 443,5568,2376,3192,-816,762,1372,synthetic,ECI_aggregate_estimate
PC507,Goa,Goa 444,4616,2850,1766,1084,580,963,synthetic,ECI_aggregate_estimate
PC508,Arunachal Pradesh,Arunachal Pradesh 445,1696,716,980,-264,106,412,synthetic,ECI_aggregate_estimate
PC509,Mizoram,Mizoram 446,3538,2039,1499,540,499,449,synthetic,ECI_aggregate_estimate
PC510,Sikkim,Sikkim 447,5197,2104,3093,-989,739,554,synthetic,ECI_aggregate_estimate
PC511,Jammu and Kashmir,Jammu and Kashmir 448,4117,2198,1919,279,253,421,synthetic,ECI_aggregate_estimate
PC512,Ladakh,Ladakh 449,7074,3523,3551,-28,423,1735,synthetic,ECI_aggregate_estimate
PC513,Uttar Pradesh,Uttar Pradesh 450,2957,1420,1537,-117,421,629,synthetic,ECI_aggregate_estimate
PC514,Maharashtra,Maharashtra 451,1872,926,946,-20,137,418,synthetic,ECI_aggregate_estimate
PC515,West Bengal,West Bengal 452,3876,1583,2293,-710,500,726,synthetic,ECI_aggregate_estimate
PC516,Bihar,Bihar 453,4968,2932,2036,896,496,751,synthetic,ECI_aggregate_estimate
PC517,Madhya Pradesh,Madhya Pradesh 454,1519,960,559,401,86,228,synthetic,ECI_aggregate_estimate
PC518,Tamil Nadu,Tamil Nadu 455,2969,1176,1793,-617,265,661,synthetic,ECI_aggregate_estimate
PC519,Rajasthan,Rajasthan 456,5115,2003,3112,-1109,279,959,synthetic,ECI_aggregate_estimate
PC520,Karnataka,Karnataka 457,5537,3114,2423,691,653,1203,synthetic,ECI_aggregate_estimate
PC521,Gujarat,Gujarat 458,5925,3555,2370,1185,330,877,synthetic,ECI_aggregate_estimate
PC522,Andhra Pradesh,Andhra Pradesh 459,5047,3181,1866,1315,386,1184,synthetic,ECI_aggregate_estimate
PC523,Odisha,Odisha 460,4402,1647,2755,-1108,290,563,synthetic,ECI_aggregate_estimate
PC524,Telangana,Telangana 461,1670,975,695,280,130,337,synthetic,ECI_aggregate_estimate
PC525,Kerala,Kerala 462,3082,1760,1322,438,188,712,synthetic,ECI_aggregate_estimate
PC526,Jharkhand,Jharkhand 463,6849,3547,3302,245,579,1098,synthetic,ECI_aggregate_estimate
PC527,Assam,Assam 464,2680,1178,1502,-324,139,458,synthetic,ECI_aggregate_estimate
PC528,Punjab,Punjab 465,1964,996,968,28,166,467,synthetic,ECI_aggregate_estimate
PC529,Chhattisgarh,Chhattisgarh 466,1545,647,898,-251,139,374,synthetic,ECI_aggregate_estimate
PC530,Haryana,Haryana 467,5408,2738,2670,68,371,716,synthetic,ECI_aggregate_estimate
PC531,Uttarakhand,Uttarakhand 468,4650,2558,2092,466,671,987,synthetic,ECI_aggregate_estimate
PC532,Himachal Pradesh,Himachal Pradesh 469,2664,940,1724,-784,170,555,synthetic,ECI_aggregate_estimate
PC533,Tripura,Tripura 470,2822,1672,1150,522,256,705,synthetic,ECI_aggregate_estimate
PC534,Meghalaya,Meghalaya 471,3623,2308,1315,993,345,766,synthetic,ECI_aggregate_estimate
PC535,Manipur,Manipur 472,1699,1087,612,475,199,284,synthetic,ECI_aggregate_estimate
PC536,Nagaland,Nagaland 473,2516,977,1539,-562,287,331,synthetic,ECI_aggregate_estimate
PC537,Goa,Goa 474,3450,1592,1858,-266,479,376,synthetic,ECI_aggregate_estimate
PC538,Arunachal Pradesh,Arunachal Pradesh 475,4891,1870,3021,-1151,318,1145,synthetic,ECI_aggregate_estimate
PC539,Mizoram,Mizoram 476,1800,742,1058,-316,161,417,synthetic,ECI_aggregate_estimate
PC540,Sikkim,Sikkim 477,6799,3376,3423,-47,734,1454,synthetic,ECI_aggregate_estimate
PC541,Jammu and Kashmir,Jammu and Kashmir 478,7112,4488,2624,1864,448,1713,synthetic,ECI_aggregate_estimate
PC542,Ladakh,Ladakh 479,4278,2304,1974,330,351,722,synthetic,ECI_aggregate_estimate
PC543,Uttar Pradesh,Uttar Pradesh 480,6342,3983,2359,1624,648,1562,synthetic,ECI_aggregate_estimate
